pid,process_type,priority,arrival_time,cpu_burst,io_frequency,memory_mb,num_threads
1,cpu_bound,19,0,16,0.15,716,15
2,io_bound,2,0,3,0.82,35,4
3,mixed,12,0,8,0.44,269,8
4,interactive,2,0,4,0.51,356,1
5,io_bound,2,0,4,0.74,140,4
6,io_bound,9,0,7,0.92,62,2
7,io_bound,9,0,7,0.79,256,1
8,interactive,1,0,2,0.5,75,4
9,mixed,6,0,13,0.51,993,2
10,mixed,7,0,22,0.44,458,4
11,mixed,8,1,7,0.32,160,8
12,mixed,11,1,25,0.47,242,2
13,io_bound,5,1,6,0.88,250,4
14,mixed,10,1,15,0.39,188,8
15,io_bound,8,1,4,0.7,227,3
16,io_bound,9,1,8,0.92,150,4
17,interactive,5,1,1,0.53,435,3
18,cpu_bound,13,1,29,0.19,623,9
19,cpu_bound,18,1,28,0.16,1766,5
20,interactive,4,1,2,0.57,305,2
21,cpu_bound,16,1,37,0.16,1502,16
22,mixed,6,1,18,0.53,346,4
23,cpu_bound,12,1,18,0.13,774,12
24,mixed,7,2,22,0.55,364,2
25,io_bound,7,2,5,0.86,220,3
26,mixed,7,2,22,0.3,380,8
27,io_bound,4,2,4,0.74,134,3
28,mixed,12,2,15,0.45,194,5
29,cpu_bound,17,2,58,0.16,1363,16
30,mixed,12,2,23,0.54,334,4
31,cpu_bound,11,2,34,0.14,710,4
32,io_bound,1,2,6,0.77,107,1
33,mixed,12,2,22,0.47,663,2
34,interactive,2,3,3,0.6,439,3
35,io_bound,8,3,6,0.91,156,1
36,mixed,10,3,28,0.33,813,2
37,cpu_bound,10,3,28,0.07,1104,7
38,mixed,14,3,9,0.34,298,4
39,cpu_bound,12,3,41,0.18,642,5
40,io_bound,6,3,2,0.66,206,1
41,cpu_bound,10,3,40,0.15,897,4
42,io_bound,9,3,7,0.67,197,4
43,io_bound,9,3,1,0.89,70,1
44,cpu_bound,17,3,53,0.18,1586,7
45,cpu_bound,11,3,47,0.14,1050,14
46,io_bound,10,3,2,0.94,195,1
47,cpu_bound,17,3,42,0.16,637,13
48,interactive,4,4,4,0.44,402,2
49,io_bound,6,4,3,0.72,177,2
50,mixed,7,4,11,0.49,570,5
51,cpu_bound,20,4,40,0.12,1248,6
52,io_bound,9,4,1,0.68,148,1
53,cpu_bound,13,4,48,0.07,933,8
54,io_bound,3,5,2,0.86,119,3
55,io_bound,5,5,1,0.72,63,1
56,interactive,4,5,1,0.81,420,2
57,io_bound,2,5,3,0.65,165,4
58,mixed,12,5,22,0.45,608,6
59,mixed,15,5,16,0.51,838,8
60,io_bound,7,5,5,0.95,60,1
61,mixed,6,5,9,0.39,659,4
62,interactive,5,5,1,0.79,120,4
63,mixed,10,5,13,0.33,588,5
64,mixed,8,5,10,0.45,952,6
65,mixed,14,5,20,0.38,164,8
66,mixed,14,6,8,0.53,483,6
67,mixed,10,6,18,0.48,154,2
68,cpu_bound,12,6,37,0.17,1825,15
69,interactive,3,6,4,0.83,284,1
70,io_bound,7,6,7,0.86,53,2
71,cpu_bound,18,6,47,0.13,1795,5
72,io_bound,9,6,4,0.77,124,4
73,mixed,7,6,11,0.52,667,8
74,cpu_bound,19,6,39,0.11,1320,14
75,mixed,7,6,11,0.36,691,7
76,mixed,12,6,15,0.44,424,7
77,io_bound,10,6,5,0.84,135,1
78,io_bound,6,6,8,0.82,250,3
79,cpu_bound,10,6,34,0.2,633,14
80,cpu_bound,16,7,28,0.19,1167,8
81,io_bound,3,7,6,0.88,166,1
82,interactive,4,7,2,0.59,223,4
83,cpu_bound,15,7,27,0.1,1391,14
84,mixed,14,7,16,0.39,186,7
85,cpu_bound,20,7,26,0.09,1182,4
86,mixed,14,8,20,0.32,518,6
87,cpu_bound,16,8,54,0.05,1621,9
88,cpu_bound,15,8,46,0.07,1456,4
89,io_bound,7,8,2,0.88,123,4
90,interactive,5,8,2,0.81,284,2
91,mixed,11,8,8,0.39,875,8
92,mixed,14,8,25,0.45,884,6
93,interactive,4,8,4,0.44,194,4
94,mixed,7,8,23,0.5,910,6
95,cpu_bound,14,8,27,0.05,1271,13
96,io_bound,5,9,1,0.76,162,4
97,cpu_bound,16,9,42,0.14,1778,7
98,io_bound,10,9,8,0.88,115,4
99,cpu_bound,16,9,35,0.13,1077,12
100,io_bound,2,9,8,0.83,204,2
101,mixed,14,9,17,0.46,306,5
102,cpu_bound,20,9,40,0.19,671,14
103,mixed,10,9,11,0.45,958,8
104,mixed,11,9,10,0.57,815,7
105,mixed,8,9,18,0.32,942,4
106,mixed,6,9,18,0.34,496,2
107,interactive,2,9,1,0.46,256,2
108,io_bound,6,9,5,0.94,208,2
109,io_bound,2,9,4,0.72,36,3
110,io_bound,9,9,7,0.79,207,3
111,mixed,9,10,14,0.36,932,6
112,mixed,12,10,18,0.31,501,7
113,io_bound,6,10,1,0.82,150,2
114,mixed,14,10,18,0.31,983,8
115,interactive,4,10,4,0.56,475,1
116,cpu_bound,20,10,32,0.1,1691,5
117,cpu_bound,15,10,52,0.13,1407,7
118,mixed,10,10,8,0.51,772,4
119,mixed,6,10,13,0.42,453,8
120,mixed,7,10,10,0.55,904,8
121,mixed,12,10,12,0.51,918,3
122,io_bound,1,10,5,0.81,42,2
123,mixed,9,11,13,0.55,721,7
124,mixed,6,11,12,0.53,204,7
125,mixed,5,11,10,0.49,834,4
126,io_bound,5,11,1,0.81,134,4
127,io_bound,8,11,1,0.85,59,2
128,io_bound,10,11,1,0.66,246,3
129,cpu_bound,17,11,40,0.06,1156,5
130,cpu_bound,18,11,34,0.16,554,6
131,interactive,5,12,1,0.77,409,4
132,mixed,6,12,7,0.51,777,4
133,cpu_bound,20,12,46,0.15,1078,4
134,interactive,3,12,1,0.59,413,2
135,cpu_bound,11,12,23,0.12,1576,6
136,cpu_bound,10,12,33,0.2,2018,9
137,io_bound,3,12,7,0.92,61,4
138,io_bound,5,12,3,0.69,236,2
139,mixed,12,12,14,0.54,475,4
140,interactive,2,12,3,0.78,118,2
141,io_bound,1,12,5,0.93,38,2
142,io_bound,10,12,1,0.73,197,3
143,cpu_bound,10,12,31,0.19,1181,16
144,interactive,2,12,1,0.7,489,3
145,mixed,10,13,25,0.58,246,4
146,cpu_bound,20,13,37,0.09,1250,4
147,mixed,5,13,15,0.41,748,7
148,io_bound,8,13,6,0.89,210,1
149,io_bound,1,13,3,0.69,104,4
150,cpu_bound,15,13,25,0.06,773,11
151,io_bound,10,13,1,0.89,67,2
152,io_bound,4,13,3,0.92,137,1
153,io_bound,7,13,1,0.94,88,4
154,io_bound,4,13,4,0.7,206,1
155,mixed,11,13,17,0.57,511,5
156,interactive,2,13,2,0.62,86,2
157,cpu_bound,14,13,39,0.16,1759,11
158,cpu_bound,20,13,43,0.11,1051,6
159,cpu_bound,13,14,24,0.13,566,12
160,mixed,6,14,18,0.5,610,2
161,cpu_bound,16,14,42,0.13,2039,5
162,cpu_bound,17,14,43,0.14,1247,4
163,io_bound,10,14,4,0.68,227,4
164,mixed,5,14,8,0.35,536,5
165,cpu_bound,14,14,51,0.08,683,12
166,mixed,15,14,16,0.45,254,2
167,cpu_bound,16,14,51,0.15,632,13
168,cpu_bound,14,14,42,0.1,1772,9
169,io_bound,1,14,3,0.8,242,1
170,cpu_bound,20,14,50,0.19,1814,9
171,interactive,4,14,1,0.71,425,4
172,mixed,6,14,15,0.45,745,3
173,cpu_bound,13,15,21,0.14,552,12
174,interactive,5,15,1,0.73,347,4
175,io_bound,8,15,7,0.92,129,3
176,io_bound,5,15,4,0.73,113,4
177,cpu_bound,17,15,44,0.09,808,7
178,mixed,14,15,20,0.45,571,2
179,interactive,4,15,1,0.46,407,1
180,mixed,14,15,16,0.3,568,8
181,cpu_bound,11,16,35,0.06,1633,12
182,mixed,15,16,24,0.45,776,4
183,interactive,2,16,2,0.74,435,3
184,io_bound,7,16,3,0.68,73,1
185,cpu_bound,14,16,52,0.17,537,5
186,cpu_bound,13,16,23,0.07,904,5
187,interactive,2,16,3,0.45,131,2
188,io_bound,5,16,1,0.76,194,3
189,cpu_bound,14,16,22,0.06,1129,14
190,cpu_bound,18,16,32,0.1,1209,16
191,io_bound,2,16,6,0.86,234,2
192,cpu_bound,13,16,47,0.12,604,4
193,cpu_bound,17,16,32,0.14,1819,4
194,cpu_bound,17,17,34,0.1,1342,14
195,io_bound,8,17,6,0.68,226,2
196,cpu_bound,18,17,27,0.15,945,6
197,interactive,2,17,1,0.84,208,3
198,io_bound,3,17,7,0.71,195,3
199,io_bound,2,17,1,0.81,186,4
200,cpu_bound,17,17,46,0.1,773,14
201,io_bound,5,17,5,0.94,213,4
202,mixed,5,17,13,0.36,968,7
203,cpu_bound,19,17,38,0.18,1583,15
204,mixed,14,17,23,0.34,190,2
205,io_bound,5,17,8,0.73,32,4
206,interactive,3,17,1,0.76,445,2
207,io_bound,5,17,1,0.8,88,3
208,io_bound,5,17,2,0.69,107,3
209,mixed,10,17,14,0.32,231,7
210,io_bound,8,17,4,0.71,135,1
211,cpu_bound,13,18,37,0.14,990,16
212,mixed,8,18,17,0.52,572,2
213,interactive,4,18,1,0.68,207,1
214,io_bound,4,18,3,0.67,83,2
215,cpu_bound,12,18,19,0.14,841,6
216,io_bound,1,18,6,0.84,256,4
217,cpu_bound,17,18,27,0.14,753,15
218,mixed,12,18,15,0.5,267,2
219,cpu_bound,12,18,49,0.15,1483,11
220,cpu_bound,14,18,31,0.17,1835,6
221,io_bound,2,18,3,0.75,181,2
222,io_bound,9,18,1,0.84,215,1
223,cpu_bound,15,18,29,0.19,840,14
224,mixed,8,18,14,0.46,299,8
225,io_bound,2,19,8,0.72,48,3
226,cpu_bound,20,19,27,0.11,1379,10
227,mixed,14,19,20,0.46,592,6
228,mixed,10,19,23,0.42,885,3
229,cpu_bound,10,19,50,0.13,1570,16
230,interactive,4,19,2,0.84,298,2
231,mixed,11,19,14,0.3,369,3
232,cpu_bound,14,19,37,0.11,1505,10
233,interactive,5,19,4,0.59,205,3
234,mixed,10,19,2,0.47,348,8
235,mixed,14,19,10,0.32,551,7
236,mixed,7,20,12,0.5,357,8
237,mixed,7,20,23,0.5,691,2
238,cpu_bound,16,20,34,0.17,1320,11
239,mixed,6,20,12,0.54,761,7
240,io_bound,1,20,2,0.79,204,1
241,cpu_bound,20,20,25,0.12,1928,10
242,mixed,14,20,13,0.31,146,7
243,mixed,10,20,14,0.58,233,2
244,mixed,9,20,9,0.52,960,8
245,mixed,15,20,24,0.33,507,2
246,mixed,13,20,4,0.31,438,5
247,mixed,6,21,14,0.58,664,3
248,cpu_bound,12,21,46,0.09,1968,9
249,mixed,6,21,10,0.3,268,7
250,mixed,12,21,18,0.46,307,5
251,io_bound,9,21,1,0.76,79,1
252,cpu_bound,13,21,39,0.14,530,16
253,cpu_bound,16,21,36,0.13,1932,16
254,mixed,12,21,14,0.48,1000,2
255,cpu_bound,13,21,43,0.06,1619,9
256,interactive,5,21,5,0.73,126,2
257,io_bound,8,21,1,0.84,159,4
258,mixed,6,22,23,0.51,398,8
259,io_bound,9,22,5,0.92,197,3
260,io_bound,8,22,3,0.88,116,3
261,mixed,14,22,17,0.48,816,8
262,mixed,15,22,14,0.31,518,5
263,interactive,1,22,1,0.63,463,3
264,cpu_bound,17,22,35,0.13,1076,10
265,cpu_bound,14,22,40,0.19,1026,10
266,io_bound,3,22,1,0.94,97,1
267,io_bound,5,22,7,0.7,238,2
268,mixed,13,23,26,0.58,741,4
269,cpu_bound,12,23,20,0.06,719,12
270,io_bound,9,23,7,0.9,42,4
271,cpu_bound,19,23,28,0.06,716,16
272,cpu_bound,13,23,43,0.07,1197,7
273,cpu_bound,15,23,41,0.15,1591,16
274,io_bound,4,23,4,0.77,72,4
275,io_bound,10,24,6,0.89,161,4
276,cpu_bound,11,24,14,0.09,1290,15
277,cpu_bound,12,24,55,0.12,531,6
278,io_bound,10,24,1,0.91,92,2
279,interactive,4,24,2,0.76,496,2
280,mixed,9,24,8,0.59,1020,5
281,cpu_bound,13,24,42,0.16,530,9
282,mixed,5,24,21,0.35,597,3
283,io_bound,3,25,2,0.8,215,3
284,io_bound,10,25,9,0.85,78,4
285,mixed,15,25,16,0.56,659,6
286,interactive,4,25,5,0.59,375,2
287,io_bound,6,25,4,0.77,229,3
288,mixed,14,25,14,0.5,398,3
289,mixed,13,25,9,0.57,602,8
290,mixed,11,26,23,0.48,872,3
291,io_bound,6,26,1,0.73,236,3
292,cpu_bound,14,26,39,0.13,1787,15
293,cpu_bound,11,26,36,0.11,1926,9
294,cpu_bound,10,26,26,0.2,1202,7
295,mixed,14,27,17,0.54,352,7
296,mixed,6,27,16,0.35,678,5
297,io_bound,5,27,1,0.71,187,2
298,cpu_bound,12,27,34,0.11,1828,16
299,interactive,4,27,2,0.6,271,4
300,mixed,6,27,9,0.47,772,6
301,cpu_bound,12,27,23,0.12,930,12
302,io_bound,6,27,1,0.78,138,1
303,io_bound,3,27,5,0.81,100,1
304,cpu_bound,17,27,44,0.07,1442,4
305,mixed,10,27,16,0.37,914,4
306,mixed,11,27,24,0.51,264,5
307,interactive,2,28,3,0.65,354,4
308,interactive,1,28,2,0.46,127,4
309,io_bound,8,28,5,0.74,165,4
310,io_bound,6,28,2,0.86,107,2
311,io_bound,7,28,7,0.82,177,3
312,io_bound,6,28,3,0.88,173,1
313,interactive,2,28,2,0.52,407,1
314,io_bound,8,28,6,0.85,39,2
315,mixed,7,28,15,0.3,377,2
316,cpu_bound,14,28,23,0.13,1893,8
317,mixed,15,29,13,0.56,262,2
318,cpu_bound,18,29,52,0.07,1767,9
319,mixed,5,29,23,0.35,540,3
320,mixed,13,29,7,0.49,960,6
321,mixed,15,29,16,0.31,209,7
322,cpu_bound,19,30,36,0.17,1965,6
323,mixed,6,30,15,0.43,236,3
324,mixed,14,30,9,0.39,630,3
325,cpu_bound,11,30,33,0.12,998,9
326,mixed,7,30,20,0.35,245,2
327,io_bound,4,30,5,0.73,82,3
328,io_bound,10,30,7,0.92,131,3
329,io_bound,5,31,1,0.76,235,1
330,cpu_bound,10,31,42,0.09,1279,10
331,io_bound,1,31,2,0.93,109,4
332,io_bound,9,31,5,0.83,147,2
333,mixed,15,31,6,0.45,375,7
334,io_bound,10,31,4,0.85,200,4
335,cpu_bound,17,31,46,0.19,1783,8
336,io_bound,1,31,3,0.86,211,3
337,interactive,1,31,4,0.82,249,4
338,mixed,15,31,24,0.53,851,7
339,cpu_bound,18,32,34,0.16,886,14
340,io_bound,3,32,2,0.93,237,3
341,interactive,2,32,4,0.71,404,3
342,cpu_bound,17,32,44,0.06,1404,6
343,mixed,9,32,10,0.55,439,5
344,interactive,4,32,1,0.59,321,1
345,io_bound,8,32,6,0.73,253,2
346,mixed,6,32,25,0.45,938,5
347,mixed,9,32,18,0.55,452,6
348,interactive,2,33,1,0.68,199,1
349,cpu_bound,18,33,48,0.1,1515,10
350,io_bound,2,33,3,0.86,96,3
351,io_bound,2,33,9,0.75,215,4
352,io_bound,1,33,1,0.73,232,1
353,mixed,10,33,20,0.36,219,3
354,interactive,3,33,4,0.73,186,2
355,mixed,14,33,17,0.35,854,7
356,cpu_bound,10,34,49,0.12,1453,5
357,cpu_bound,12,34,28,0.2,1911,8
358,io_bound,4,34,6,0.67,240,3
359,io_bound,9,34,3,0.78,104,4
360,mixed,14,34,14,0.39,332,6
361,cpu_bound,15,34,30,0.06,1911,6
362,io_bound,4,35,8,0.87,171,2
363,interactive,5,35,4,0.72,437,3
364,mixed,13,35,22,0.43,676,7
365,mixed,8,35,3,0.34,363,3
366,cpu_bound,20,35,36,0.18,1128,14
367,io_bound,9,35,2,0.78,162,1
368,cpu_bound,10,35,23,0.1,896,7
369,interactive,2,35,2,0.61,99,1
370,mixed,15,35,11,0.43,969,2
371,cpu_bound,17,35,28,0.18,814,5
372,mixed,12,36,13,0.42,772,6
373,io_bound,8,36,6,0.89,173,2
374,cpu_bound,13,36,39,0.18,1380,5
375,cpu_bound,20,36,25,0.12,1439,8
376,cpu_bound,11,36,19,0.19,932,13
377,io_bound,6,36,9,0.67,119,4
378,mixed,7,36,17,0.47,635,3
379,interactive,5,37,1,0.56,89,3
380,io_bound,3,37,7,0.91,151,3
381,io_bound,1,37,8,0.8,72,1
382,io_bound,9,37,6,0.85,42,1
383,mixed,14,37,23,0.51,666,8
384,cpu_bound,14,37,21,0.18,1334,5
385,interactive,4,37,5,0.53,308,2
386,cpu_bound,19,37,51,0.11,951,11
387,cpu_bound,19,38,40,0.11,1163,15
388,io_bound,6,38,7,0.69,207,2
389,io_bound,7,39,5,0.83,162,1
390,io_bound,4,39,3,0.75,53,1
391,mixed,12,39,9,0.4,835,4
392,io_bound,10,39,2,0.75,193,4
393,io_bound,3,39,4,0.78,189,2
394,io_bound,7,39,7,0.85,115,3
395,io_bound,10,40,5,0.83,45,2
396,mixed,14,40,18,0.39,870,8
397,interactive,4,40,3,0.52,96,3
398,mixed,11,40,19,0.4,189,4
399,mixed,15,40,11,0.54,1007,3
400,io_bound,3,40,6,0.65,89,1
401,io_bound,6,40,2,0.93,216,2
402,mixed,7,40,10,0.41,800,4
403,io_bound,8,41,7,0.92,130,3
404,interactive,3,41,3,0.72,345,3
405,cpu_bound,10,41,35,0.17,963,8
406,io_bound,7,41,6,0.81,201,2
407,mixed,7,41,17,0.36,895,3
408,io_bound,8,41,2,0.79,118,4
409,mixed,10,41,25,0.42,245,3
410,mixed,7,41,12,0.57,441,3
411,mixed,12,41,9,0.52,494,7
412,mixed,7,42,25,0.45,595,6
413,cpu_bound,15,42,34,0.07,1054,9
414,cpu_bound,20,42,29,0.2,755,10
415,io_bound,9,42,8,0.87,177,2
416,io_bound,8,43,3,0.72,143,4
417,cpu_bound,20,43,47,0.07,1323,14
418,mixed,14,43,16,0.32,479,6
419,cpu_bound,19,43,41,0.1,1718,4
420,interactive,4,43,2,0.53,163,2
421,interactive,1,43,1,0.57,132,3
422,io_bound,8,43,2,0.84,83,1
423,interactive,1,43,4,0.6,359,1
424,io_bound,1,44,6,0.71,139,4
425,cpu_bound,16,44,36,0.14,574,11
426,io_bound,4,44,5,0.67,54,4
427,mixed,10,44,7,0.47,553,8
428,io_bound,7,44,5,0.76,202,4
429,mixed,6,44,17,0.33,188,2
430,mixed,8,44,15,0.31,371,4
431,interactive,1,44,4,0.57,372,2
432,io_bound,4,44,2,0.75,105,3
433,mixed,9,44,12,0.47,873,2
434,mixed,11,45,21,0.56,618,2
435,io_bound,2,45,10,0.92,144,1
436,mixed,14,45,16,0.37,866,2
437,mixed,11,45,23,0.36,361,5
438,mixed,10,45,22,0.44,156,8
439,cpu_bound,19,45,48,0.13,620,13
440,cpu_bound,15,45,40,0.18,1884,9
441,io_bound,3,45,9,0.7,206,1
442,interactive,2,45,3,0.67,389,4
443,interactive,2,46,4,0.52,190,3
444,io_bound,1,46,2,0.69,187,4
445,mixed,11,46,25,0.44,566,6
446,mixed,9,46,27,0.59,897,8
447,io_bound,3,46,6,0.68,59,1
448,io_bound,3,46,1,0.78,162,4
449,interactive,2,46,1,0.56,79,2
450,mixed,13,46,23,0.54,857,4
451,interactive,1,46,1,0.63,424,4
452,interactive,4,46,1,0.62,489,2
453,cpu_bound,13,47,50,0.15,972,16
454,io_bound,5,47,8,0.7,181,4
455,io_bound,7,47,1,0.9,152,2
456,mixed,13,47,23,0.41,499,4
457,interactive,1,47,4,0.75,145,4
458,interactive,2,47,1,0.77,371,2
459,io_bound,1,47,7,0.75,221,2
460,interactive,3,47,1,0.65,364,1
461,interactive,3,47,1,0.65,395,2
462,interactive,2,47,3,0.76,398,2
463,cpu_bound,12,47,49,0.08,1874,5
464,cpu_bound,15,48,23,0.19,1507,7
465,cpu_bound,15,48,16,0.07,1451,14
466,cpu_bound,17,48,55,0.14,1228,9
467,mixed,13,48,24,0.53,309,7
468,io_bound,2,48,5,0.89,204,4
469,io_bound,2,48,4,0.89,35,4
470,cpu_bound,19,49,26,0.13,1541,14
471,io_bound,5,49,3,0.74,158,2
472,mixed,8,49,18,0.33,530,6
473,io_bound,9,49,1,0.73,187,2
474,mixed,13,49,17,0.39,296,4
475,mixed,7,49,11,0.51,713,7
476,cpu_bound,14,49,46,0.17,1540,14
477,io_bound,7,49,7,0.68,166,4
478,interactive,2,49,2,0.74,470,4
479,cpu_bound,14,49,18,0.13,771,16
480,mixed,8,49,13,0.52,193,3
481,mixed,9,49,15,0.48,151,3
482,io_bound,10,50,5,0.73,43,4
483,io_bound,2,50,7,0.82,244,3
484,mixed,10,50,12,0.32,807,3
485,cpu_bound,20,50,24,0.17,1993,4
486,interactive,4,50,6,0.46,421,2
487,mixed,14,50,8,0.41,926,2
488,mixed,7,50,8,0.45,845,6
489,mixed,7,50,15,0.39,210,3
490,mixed,5,50,21,0.43,975,7
491,mixed,6,50,23,0.46,945,6
492,mixed,14,50,12,0.47,212,4
493,mixed,5,51,24,0.5,695,4
494,interactive,4,51,3,0.57,472,3
495,mixed,11,51,11,0.4,237,2
496,interactive,5,51,1,0.48,211,2
497,mixed,14,51,25,0.6,664,3
498,interactive,5,51,5,0.57,457,2
499,io_bound,4,51,2,0.7,207,3
500,mixed,12,51,18,0.33,856,5
501,io_bound,6,51,8,0.86,198,4
502,mixed,9,51,7,0.44,295,6
503,io_bound,8,51,3,0.94,121,4
504,mixed,9,51,7,0.43,354,6
505,io_bound,7,52,1,0.76,202,4
506,interactive,4,52,2,0.72,305,2
507,mixed,6,52,12,0.5,807,5
508,mixed,6,52,11,0.41,331,4
509,io_bound,4,52,9,0.8,182,3
510,io_bound,10,52,1,0.7,155,4
511,interactive,5,52,4,0.41,435,2
512,cpu_bound,15,53,34,0.14,1903,10
513,cpu_bound,18,53,50,0.12,2045,12
514,io_bound,5,53,1,0.78,221,1
515,io_bound,6,53,1,0.94,219,4
516,mixed,13,53,6,0.58,752,5
517,mixed,11,53,10,0.36,833,2
518,io_bound,6,54,2,0.91,244,3
519,io_bound,2,54,1,0.72,160,2
520,mixed,8,54,23,0.47,425,8
521,mixed,15,54,19,0.58,929,2
522,cpu_bound,14,54,25,0.09,1430,14
523,cpu_bound,13,54,47,0.05,1537,15
524,io_bound,5,54,3,0.74,235,4
525,mixed,12,54,12,0.53,749,7
526,io_bound,3,54,4,0.94,42,2
527,mixed,15,54,11,0.39,133,5
528,io_bound,6,55,5,0.9,230,1
529,io_bound,3,55,1,0.86,55,1
530,io_bound,3,55,5,0.7,32,4
531,cpu_bound,19,55,24,0.17,1485,15
532,io_bound,10,55,8,0.9,146,3
533,io_bound,2,55,8,0.88,239,3
534,mixed,9,55,21,0.6,931,4
535,cpu_bound,19,55,27,0.17,1537,9
536,io_bound,1,55,1,0.73,188,4
537,cpu_bound,19,55,47,0.16,1443,10
538,cpu_bound,20,56,51,0.17,1054,14
539,cpu_bound,13,56,52,0.18,1022,4
540,mixed,10,56,17,0.46,816,2
541,io_bound,2,56,2,0.67,218,3
542,io_bound,7,56,2,0.94,249,4
543,cpu_bound,12,56,22,0.06,669,4
544,mixed,12,56,9,0.57,631,8
545,mixed,5,57,23,0.5,912,6
546,mixed,7,57,15,0.44,593,7
547,mixed,8,57,11,0.52,539,5
548,cpu_bound,11,57,51,0.19,1880,4
549,interactive,4,57,3,0.52,399,4
550,io_bound,4,57,3,0.87,255,3
551,mixed,8,57,10,0.59,227,2
552,mixed,10,57,18,0.55,345,6
553,mixed,5,57,19,0.35,674,6
554,io_bound,3,57,3,0.94,98,4
555,mixed,10,58,23,0.56,193,7
556,interactive,2,58,2,0.71,278,4
557,cpu_bound,11,58,25,0.06,1410,6
558,interactive,2,59,3,0.6,304,4
559,interactive,1,59,1,0.65,429,4
560,io_bound,1,59,6,0.78,199,2
561,mixed,6,59,13,0.31,272,5
562,mixed,7,59,19,0.47,259,4
563,io_bound,8,59,4,0.67,33,1
564,interactive,4,60,5,0.52,102,3
565,mixed,8,60,10,0.38,952,4
566,interactive,5,60,2,0.49,439,1
567,mixed,12,60,12,0.58,716,2
568,mixed,7,60,10,0.59,204,6
569,mixed,5,60,10,0.58,727,5
570,interactive,3,60,3,0.5,116,1
571,mixed,5,61,16,0.31,728,7
572,cpu_bound,15,61,42,0.05,1900,12
573,interactive,1,61,1,0.72,216,4
574,interactive,2,61,2,0.53,176,3
575,io_bound,10,61,4,0.78,145,2
576,mixed,10,62,24,0.6,519,5
577,mixed,7,62,19,0.45,678,7
578,mixed,12,62,24,0.34,775,4
579,mixed,14,62,18,0.33,628,2
580,interactive,4,62,2,0.52,122,1
581,mixed,10,62,4,0.43,544,4
582,cpu_bound,16,62,45,0.15,525,6
583,io_bound,2,62,3,0.84,51,2
584,cpu_bound,15,62,38,0.06,1840,10
585,mixed,11,62,11,0.51,690,3
586,cpu_bound,12,63,36,0.2,1605,4
587,cpu_bound,18,63,24,0.09,1448,13
588,cpu_bound,18,63,33,0.12,1140,13
589,mixed,9,63,14,0.34,695,3
590,interactive,2,63,2,0.55,255,2
591,io_bound,1,64,4,0.68,140,3
592,interactive,4,64,5,0.66,427,4
593,cpu_bound,16,64,32,0.17,1509,14
594,io_bound,1,64,6,0.91,70,2
595,io_bound,8,64,3,0.94,125,1
596,interactive,5,64,1,0.83,179,2
597,cpu_bound,18,64,25,0.15,669,12
598,mixed,11,64,15,0.37,237,3
599,interactive,2,64,1,0.64,512,3
600,cpu_bound,11,64,20,0.06,1747,16
601,mixed,6,64,15,0.46,410,3
602,io_bound,2,64,9,0.79,57,2
603,mixed,5,64,15,0.34,916,2
604,cpu_bound,13,64,36,0.06,647,5
605,io_bound,5,65,3,0.93,183,1
606,cpu_bound,17,65,23,0.11,1719,4
607,cpu_bound,16,66,50,0.18,1368,7
608,mixed,7,66,19,0.49,173,6
609,cpu_bound,10,66,33,0.06,1257,8
610,io_bound,1,66,1,0.77,112,1
611,interactive,1,66,5,0.54,366,2
612,cpu_bound,14,66,31,0.19,1065,16
613,mixed,7,66,18,0.58,527,7
614,cpu_bound,10,66,41,0.09,1716,10
615,io_bound,6,67,5,0.78,202,3
616,io_bound,3,67,8,0.67,32,4
617,interactive,5,67,3,0.8,307,3
618,interactive,5,67,4,0.41,318,1
619,interactive,3,67,1,0.57,431,4
620,interactive,5,67,5,0.64,470,2
621,cpu_bound,18,68,22,0.15,1093,8
622,mixed,11,68,26,0.46,971,3
623,mixed,5,68,18,0.47,696,3
624,interactive,4,68,1,0.66,403,1
625,cpu_bound,19,68,39,0.05,1160,10
626,cpu_bound,15,68,17,0.05,992,11
627,io_bound,2,68,7,0.68,141,3
628,mixed,10,68,8,0.5,971,7
629,cpu_bound,19,68,32,0.2,1265,9
630,interactive,1,68,2,0.8,90,2
631,interactive,1,69,1,0.83,166,1
632,cpu_bound,12,69,21,0.13,2001,13
633,io_bound,4,69,1,0.94,133,1
634,interactive,5,69,4,0.67,236,4
635,mixed,13,69,14,0.33,925,6
636,interactive,4,69,4,0.48,239,2
637,mixed,11,69,21,0.33,360,2
638,cpu_bound,18,69,33,0.18,1376,9
639,cpu_bound,20,70,45,0.14,1495,7
640,cpu_bound,12,70,43,0.12,1236,7
641,io_bound,7,70,5,0.74,236,4
642,io_bound,3,70,7,0.7,228,1
643,interactive,1,70,2,0.45,327,3
644,interactive,1,70,4,0.83,384,4
645,io_bound,8,71,9,0.88,84,3
646,io_bound,10,71,4,0.85,62,2
647,interactive,3,71,1,0.59,462,1
648,interactive,3,71,6,0.47,296,1
649,interactive,1,71,1,0.75,376,1
650,interactive,4,71,3,0.77,137,2
651,mixed,12,71,24,0.51,634,5
652,mixed,6,71,9,0.32,841,5
653,mixed,7,71,17,0.56,143,3
654,io_bound,8,71,6,0.85,206,1
655,io_bound,8,72,1,0.72,241,4
656,cpu_bound,19,72,41,0.17,1290,6
657,interactive,3,72,1,0.48,339,3
658,interactive,2,72,2,0.74,485,3
659,mixed,13,72,11,0.35,533,8
660,cpu_bound,14,72,36,0.07,1180,13
661,mixed,6,72,20,0.45,343,4
662,mixed,6,73,12,0.39,862,7
663,io_bound,2,73,2,0.69,102,4
664,io_bound,1,73,7,0.82,45,4
665,io_bound,5,74,4,0.73,163,4
666,mixed,7,74,6,0.53,811,2
667,interactive,1,74,1,0.67,150,1
668,io_bound,1,74,4,0.82,111,2
669,cpu_bound,17,74,38,0.07,1363,11
670,mixed,5,74,20,0.6,849,4
671,io_bound,9,74,6,0.9,188,4
672,interactive,2,74,4,0.49,110,3
673,mixed,10,74,18,0.49,971,3
674,interactive,1,74,2,0.51,143,3
675,mixed,13,75,19,0.45,480,7
676,cpu_bound,16,75,40,0.19,1079,14
677,cpu_bound,10,75,38,0.14,848,11
678,mixed,12,75,11,0.44,495,8
679,cpu_bound,10,75,33,0.08,820,4
680,cpu_bound,11,75,28,0.07,565,16
681,io_bound,10,75,6,0.85,214,4
682,cpu_bound,19,75,12,0.14,1608,8
683,interactive,4,75,3,0.43,436,3
684,io_bound,8,75,2,0.78,140,2
685,io_bound,6,75,2,0.92,166,4
686,cpu_bound,13,75,23,0.2,879,6
687,mixed,12,76,21,0.48,198,3
688,cpu_bound,16,76,20,0.06,1364,15
689,mixed,11,76,20,0.36,316,8
690,io_bound,7,76,4,0.7,127,2
691,io_bound,6,76,5,0.9,70,4
692,mixed,10,77,8,0.37,198,8
693,cpu_bound,16,77,40,0.08,1391,7
694,mixed,13,77,10,0.42,630,4
695,mixed,8,77,23,0.31,130,3
696,mixed,13,78,16,0.46,576,2
697,interactive,5,78,1,0.44,132,4
698,io_bound,7,78,2,0.69,254,2
699,io_bound,8,78,7,0.84,99,3
700,interactive,1,78,4,0.72,288,4
701,interactive,4,78,2,0.43,452,1
702,cpu_bound,13,78,36,0.14,1249,4
703,mixed,8,78,13,0.41,372,3
704,cpu_bound,12,78,34,0.1,1099,7
705,io_bound,6,78,1,0.71,218,4
706,io_bound,2,78,3,0.77,161,2
707,io_bound,7,78,8,0.78,53,4
708,io_bound,9,79,1,0.88,64,4
709,mixed,13,79,26,0.5,174,3
710,io_bound,4,79,1,0.86,193,1
711,interactive,1,79,3,0.55,495,2
712,cpu_bound,13,79,34,0.09,1401,13
713,cpu_bound,13,79,33,0.15,999,15
714,interactive,1,79,2,0.66,357,4
715,mixed,14,79,18,0.53,704,8
716,io_bound,3,80,6,0.69,171,4
717,mixed,11,80,21,0.49,944,3
718,io_bound,1,80,8,0.68,137,1
719,mixed,15,80,23,0.45,357,7
720,interactive,5,80,5,0.44,303,4
721,mixed,12,80,14,0.37,403,3
722,mixed,10,80,27,0.46,515,8
723,io_bound,8,80,4,0.76,238,4
724,cpu_bound,12,80,32,0.16,1028,11
725,cpu_bound,14,81,61,0.06,1733,10
726,mixed,13,81,17,0.32,703,6
727,io_bound,4,81,7,0.84,214,2
728,io_bound,7,81,3,0.72,190,4
729,mixed,13,81,17,0.49,767,3
730,interactive,2,81,1,0.61,480,3
731,mixed,13,81,6,0.38,428,4
732,interactive,2,81,1,0.75,77,2
733,cpu_bound,16,81,39,0.14,767,5
734,interactive,3,82,1,0.64,374,4
735,mixed,6,82,16,0.51,436,8
736,io_bound,10,82,2,0.69,125,4
737,io_bound,5,82,6,0.79,140,3
738,interactive,4,82,3,0.76,394,2
739,cpu_bound,15,82,24,0.14,1440,4
740,mixed,11,82,11,0.6,157,3
741,io_bound,4,82,7,0.8,212,4
742,cpu_bound,19,82,35,0.09,1255,14
743,io_bound,10,82,5,0.75,49,1
744,io_bound,4,83,1,0.66,81,4
745,mixed,15,83,10,0.44,840,5
746,mixed,6,83,19,0.43,970,3
747,mixed,14,83,20,0.45,536,6
748,io_bound,5,83,1,0.94,179,4
749,io_bound,7,83,4,0.83,249,1
750,io_bound,7,83,4,0.66,144,4
751,mixed,12,84,25,0.57,432,8
752,mixed,6,84,21,0.57,457,6
753,cpu_bound,12,84,43,0.19,2028,7
754,io_bound,6,84,5,0.94,146,4
755,mixed,14,84,9,0.49,580,7
756,mixed,12,84,23,0.49,403,6
757,interactive,2,84,1,0.48,446,3
758,mixed,10,84,13,0.5,603,5
759,io_bound,5,84,2,0.72,180,2
760,mixed,15,84,12,0.57,313,8
761,io_bound,5,84,3,0.89,200,3
762,mixed,10,85,8,0.59,598,6
763,mixed,10,85,20,0.59,945,4
764,io_bound,2,85,1,0.66,155,4
765,io_bound,9,85,2,0.67,99,4
766,interactive,1,85,3,0.6,427,4
767,interactive,2,85,4,0.53,137,4
768,io_bound,2,85,7,0.72,136,3
769,cpu_bound,19,85,39,0.11,719,4
770,interactive,1,86,1,0.57,296,3
771,cpu_bound,13,86,26,0.15,1949,14
772,mixed,14,86,26,0.38,230,8
773,interactive,3,86,2,0.76,303,1
774,io_bound,9,86,1,0.76,229,2
775,interactive,4,86,4,0.75,375,4
776,cpu_bound,12,86,30,0.06,1692,9
777,interactive,5,87,3,0.46,188,3
778,cpu_bound,20,87,29,0.06,1141,16
779,interactive,4,87,1,0.82,143,1
780,cpu_bound,18,87,29,0.16,1841,16
781,io_bound,8,87,3,0.76,248,3
782,cpu_bound,18,87,37,0.06,1832,4
783,mixed,14,88,20,0.45,377,8
784,io_bound,6,88,5,0.79,90,1
785,io_bound,1,88,1,0.75,118,1
786,cpu_bound,12,88,48,0.09,669,5
787,mixed,8,88,19,0.39,293,4
788,io_bound,4,88,1,0.82,128,4
789,cpu_bound,14,89,18,0.12,800,5
790,io_bound,4,89,1,0.8,184,1
791,interactive,2,89,4,0.58,229,4
792,mixed,12,89,23,0.4,190,6
793,mixed,11,90,27,0.37,931,8
794,io_bound,2,90,6,0.89,113,2
795,mixed,10,90,11,0.32,673,7
796,mixed,14,90,15,0.52,481,2
797,io_bound,2,90,7,0.75,187,4
798,cpu_bound,17,90,32,0.15,1856,5
799,io_bound,6,90,1,0.77,78,4
800,mixed,8,90,20,0.52,500,7
801,cpu_bound,14,90,29,0.1,1910,9
802,io_bound,9,91,1,0.79,208,1
803,mixed,7,91,18,0.39,543,2
804,io_bound,10,91,2,0.91,60,1
805,mixed,13,91,8,0.54,552,7
806,cpu_bound,12,91,22,0.09,1671,4
807,io_bound,9,91,5,0.9,63,4
808,mixed,13,91,13,0.35,458,3
809,cpu_bound,13,91,38,0.19,1809,8
810,cpu_bound,18,92,48,0.11,1082,13
811,mixed,10,92,11,0.44,175,2
812,mixed,9,92,19,0.48,779,5
813,io_bound,8,92,3,0.76,176,1
814,interactive,1,92,2,0.83,269,3
815,mixed,10,92,24,0.42,522,2
816,mixed,15,93,13,0.57,896,4
817,cpu_bound,14,93,22,0.12,666,11
818,mixed,14,93,7,0.56,881,2
819,io_bound,2,93,6,0.93,183,4
820,io_bound,7,93,7,0.76,159,3
821,interactive,3,93,4,0.84,401,2
822,io_bound,2,93,4,0.76,240,2
823,interactive,4,93,4,0.72,84,3
824,cpu_bound,13,94,47,0.11,1678,7
825,cpu_bound,12,94,36,0.16,1284,5
826,io_bound,5,94,2,0.7,121,4
827,io_bound,10,94,4,0.85,236,4
828,io_bound,9,94,1,0.83,205,2
829,io_bound,2,94,5,0.93,149,4
830,interactive,1,94,1,0.46,198,2
831,cpu_bound,19,94,35,0.07,1512,8
832,mixed,6,94,14,0.36,670,4
833,io_bound,3,94,1,0.84,251,2
834,cpu_bound,15,94,27,0.13,1760,10
835,mixed,9,95,14,0.56,846,4
836,io_bound,10,95,9,0.77,161,4
837,io_bound,5,95,5,0.73,157,1
838,io_bound,1,95,1,0.85,246,3
839,io_bound,4,95,7,0.71,256,3
840,mixed,10,95,15,0.49,848,7
841,io_bound,8,95,1,0.65,129,4
842,mixed,14,95,16,0.45,733,5
843,mixed,12,96,9,0.35,434,2
844,mixed,15,96,14,0.49,444,8
845,cpu_bound,18,96,24,0.08,571,11
846,mixed,15,96,12,0.38,226,3
847,io_bound,9,96,3,0.87,35,1
848,cpu_bound,19,97,33,0.12,739,11
849,io_bound,4,97,4,0.94,38,2
850,interactive,1,97,4,0.83,80,4
851,io_bound,9,97,8,0.92,151,1
852,interactive,3,97,3,0.8,483,4
853,mixed,6,98,24,0.32,681,8
854,interactive,5,98,4,0.7,106,4
855,mixed,14,98,9,0.48,960,2
856,interactive,2,98,1,0.56,445,3
857,mixed,15,98,4,0.37,693,5
858,interactive,1,98,3,0.43,79,1
859,mixed,12,98,18,0.46,311,4
860,cpu_bound,13,98,22,0.07,952,6
861,io_bound,2,98,2,0.85,206,2
862,io_bound,9,98,8,0.86,98,3
863,interactive,1,98,5,0.57,250,1
864,cpu_bound,13,99,59,0.18,1995,14
865,interactive,5,99,2,0.63,294,4
866,mixed,11,99,15,0.44,592,4
867,io_bound,10,100,1,0.73,42,1
868,mixed,15,100,9,0.4,533,7
869,cpu_bound,16,101,38,0.08,902,15
870,io_bound,3,101,2,0.84,118,4
871,interactive,2,101,4,0.5,88,3
872,mixed,6,101,7,0.39,948,5
873,cpu_bound,20,101,19,0.12,764,9
874,cpu_bound,15,101,29,0.18,686,7
875,io_bound,10,101,6,0.85,68,3
876,interactive,2,102,1,0.7,245,4
877,cpu_bound,12,102,23,0.09,1523,4
878,cpu_bound,11,102,34,0.07,975,12
879,mixed,6,102,12,0.58,587,3
880,interactive,3,102,2,0.41,419,1
881,cpu_bound,13,102,44,0.14,1091,15
882,mixed,7,102,8,0.37,213,4
883,mixed,9,102,23,0.49,808,3
884,io_bound,7,102,4,0.67,229,3
885,io_bound,4,103,5,0.9,102,4
886,mixed,12,103,21,0.32,772,7
887,mixed,7,103,17,0.33,800,3
888,mixed,5,103,23,0.46,907,3
889,io_bound,6,103,2,0.71,177,3
890,cpu_bound,15,103,22,0.06,1267,8
891,mixed,12,103,12,0.42,599,2
892,mixed,13,104,19,0.48,866,6
893,cpu_bound,20,104,52,0.07,535,5
894,interactive,1,104,1,0.67,366,2
895,io_bound,7,104,3,0.86,131,4
896,mixed,10,104,10,0.35,907,7
897,cpu_bound,11,104,45,0.19,1324,16
898,mixed,7,104,20,0.36,1024,2
899,interactive,5,104,2,0.72,251,1
900,mixed,12,104,18,0.5,435,2
901,mixed,15,104,21,0.48,657,6
902,io_bound,4,105,4,0.81,76,1
903,cpu_bound,18,105,27,0.07,1499,10
904,mixed,6,105,11,0.59,646,4
905,mixed,7,105,26,0.31,168,6
906,cpu_bound,13,105,29,0.12,1194,7
907,interactive,4,106,2,0.46,426,1
908,mixed,5,106,19,0.47,845,2
909,mixed,15,106,20,0.5,494,8
910,interactive,4,106,5,0.56,413,2
911,mixed,12,106,16,0.3,342,3
912,mixed,8,106,2,0.44,917,2
913,io_bound,2,106,8,0.85,105,4
914,mixed,14,106,15,0.42,236,3
915,mixed,12,107,17,0.32,420,3
916,interactive,4,107,4,0.67,352,1
917,cpu_bound,11,107,36,0.07,988,9
918,cpu_bound,17,107,38,0.12,1571,16
919,io_bound,2,107,6,0.92,109,3
920,cpu_bound,17,108,50,0.19,1130,14
921,mixed,6,108,22,0.31,1016,7
922,io_bound,5,108,2,0.65,163,2
923,cpu_bound,13,108,33,0.06,1378,6
924,cpu_bound,13,109,35,0.09,677,14
925,cpu_bound,11,109,19,0.05,1214,14
926,mixed,10,109,19,0.47,762,6
927,cpu_bound,11,109,21,0.11,878,15
928,mixed,12,109,25,0.31,288,6
929,io_bound,5,109,5,0.74,39,2
930,cpu_bound,12,109,54,0.09,1798,12
931,io_bound,2,109,5,0.65,216,2
932,interactive,2,109,3,0.46,446,4
933,cpu_bound,17,109,34,0.11,1075,10
934,io_bound,10,109,5,0.94,127,3
935,interactive,4,109,1,0.67,316,2
936,io_bound,9,109,1,0.76,90,2
937,mixed,13,109,17,0.47,847,6
938,io_bound,4,110,1,0.92,112,3
939,mixed,6,110,11,0.33,183,3
940,mixed,13,110,22,0.38,479,8
941,io_bound,3,110,11,0.94,163,1
942,interactive,2,110,4,0.52,411,3
943,interactive,2,110,3,0.58,349,2
944,interactive,3,110,2,0.78,392,2
945,mixed,8,111,15,0.36,623,4
946,mixed,6,111,21,0.53,430,8
947,mixed,11,111,18,0.44,804,4
948,io_bound,9,111,4,0.79,205,2
949,io_bound,8,111,8,0.87,37,3
950,cpu_bound,17,111,19,0.13,1200,10
951,interactive,3,111,5,0.67,88,2
952,io_bound,9,111,7,0.81,90,4
953,mixed,6,112,11,0.51,596,2
954,mixed,7,112,13,0.48,782,5
955,mixed,15,112,25,0.52,705,5
956,cpu_bound,20,112,45,0.17,672,16
957,mixed,11,112,15,0.47,401,2
958,interactive,3,112,4,0.44,350,1
959,io_bound,4,112,2,0.73,242,4
960,io_bound,1,112,8,0.84,169,1
961,cpu_bound,12,113,27,0.07,1930,16
962,cpu_bound,18,113,49,0.19,673,13
963,mixed,13,114,13,0.52,295,5
964,io_bound,6,114,6,0.73,107,4
965,interactive,2,114,2,0.7,184,1
966,interactive,5,114,1,0.56,504,2
967,cpu_bound,19,114,19,0.15,1706,12
968,mixed,14,114,18,0.32,774,7
969,interactive,5,114,2,0.7,229,2
970,mixed,11,114,18,0.32,235,8
971,io_bound,9,115,1,0.91,104,1
972,mixed,9,115,23,0.54,865,2
973,io_bound,5,115,2,0.7,98,2
974,io_bound,5,115,6,0.74,242,2
975,mixed,5,115,17,0.43,916,2
976,cpu_bound,13,115,40,0.06,1372,12
977,cpu_bound,12,115,23,0.13,1596,10
978,interactive,4,116,2,0.78,165,4
979,io_bound,5,116,5,0.74,100,1
980,cpu_bound,20,116,55,0.09,756,16
981,interactive,4,116,1,0.43,261,2
982,io_bound,2,116,1,0.77,176,2
983,io_bound,9,116,9,0.79,56,3
984,mixed,15,117,12,0.31,837,7
985,cpu_bound,11,117,39,0.15,1299,10
986,io_bound,8,117,3,0.68,78,4
987,io_bound,7,117,1,0.68,212,3
988,mixed,11,118,21,0.53,881,8
989,cpu_bound,10,118,39,0.19,555,16
990,cpu_bound,14,118,31,0.11,2028,9
991,cpu_bound,12,118,48,0.15,1844,7
992,mixed,10,119,26,0.51,546,3
993,io_bound,3,119,5,0.7,248,3
994,mixed,14,119,16,0.37,686,3
995,cpu_bound,16,119,20,0.16,542,8
996,io_bound,4,119,6,0.86,213,4
997,io_bound,5,119,1,0.68,125,3
998,mixed,14,119,25,0.36,868,7
999,io_bound,6,119,3,0.86,57,4
1000,cpu_bound,18,120,41,0.13,752,5
1001,io_bound,1,120,2,0.7,99,1
1002,io_bound,10,120,4,0.66,187,2
1003,cpu_bound,12,120,21,0.13,760,6
1004,cpu_bound,17,120,47,0.05,1364,6
1005,cpu_bound,13,121,38,0.12,1391,10
1006,cpu_bound,15,121,26,0.18,1468,12
1007,interactive,5,121,3,0.82,425,3
1008,interactive,5,121,5,0.45,341,3
1009,interactive,4,121,3,0.63,331,1
1010,io_bound,5,121,4,0.69,103,3
1011,io_bound,8,121,4,0.92,187,1
1012,mixed,5,121,21,0.59,562,7
1013,mixed,12,121,14,0.39,704,5
1014,cpu_bound,17,121,47,0.16,1191,5
1015,interactive,1,122,4,0.79,362,1
1016,cpu_bound,19,122,36,0.13,1212,6
1017,cpu_bound,20,122,35,0.1,1982,7
1018,cpu_bound,11,122,30,0.06,2028,13
1019,cpu_bound,16,122,32,0.09,978,4
1020,cpu_bound,19,123,26,0.19,687,15
1021,cpu_bound,13,123,50,0.12,1568,13
1022,mixed,9,123,17,0.49,464,5
1023,mixed,14,124,18,0.32,647,2
1024,mixed,12,124,15,0.42,603,3
1025,io_bound,6,124,1,0.76,141,3
1026,mixed,15,124,8,0.34,675,7
1027,io_bound,5,124,5,0.91,107,3
1028,cpu_bound,20,124,33,0.18,614,8
1029,cpu_bound,10,124,48,0.18,561,15
1030,io_bound,4,124,5,0.75,213,4
1031,cpu_bound,19,125,42,0.18,846,8
1032,io_bound,4,125,2,0.72,181,4
1033,mixed,6,125,15,0.53,564,7
1034,cpu_bound,17,126,38,0.17,1809,15
1035,interactive,3,126,1,0.81,325,2
1036,cpu_bound,14,126,23,0.16,1156,15
1037,mixed,5,126,19,0.33,805,5
1038,mixed,15,126,19,0.38,769,7
1039,cpu_bound,10,126,50,0.11,1508,14
1040,mixed,12,126,10,0.39,989,5
1041,cpu_bound,17,126,24,0.07,538,14
1042,cpu_bound,17,127,34,0.07,793,4
1043,cpu_bound,15,127,36,0.13,1553,11
1044,mixed,8,127,25,0.51,806,8
1045,cpu_bound,17,127,44,0.19,665,12
1046,io_bound,5,127,2,0.82,192,4
1047,io_bound,2,128,4,0.73,181,4
1048,io_bound,6,128,8,0.86,214,3
1049,interactive,3,128,3,0.68,291,3
1050,io_bound,3,128,8,0.84,113,1
1051,mixed,7,128,22,0.53,253,2
1052,interactive,1,128,1,0.48,366,1
1053,cpu_bound,20,129,31,0.06,1798,11
1054,mixed,5,129,13,0.5,430,4
1055,io_bound,5,129,4,0.94,255,1
1056,interactive,4,129,2,0.49,425,1
1057,interactive,4,129,5,0.71,78,3
1058,mixed,13,130,10,0.37,521,7
1059,cpu_bound,11,130,24,0.16,1727,8
1060,cpu_bound,14,130,53,0.14,824,12
1061,interactive,1,130,5,0.62,296,3
1062,interactive,1,130,1,0.68,122,1
1063,cpu_bound,12,130,43,0.19,1013,16
1064,io_bound,6,130,5,0.69,48,1
1065,io_bound,1,130,6,0.87,68,4
1066,mixed,14,131,17,0.31,902,3
1067,io_bound,9,131,1,0.95,49,4
1068,io_bound,8,131,3,0.92,175,4
1069,interactive,2,131,1,0.42,250,4
1070,io_bound,4,131,9,0.86,167,1
1071,interactive,1,131,3,0.5,156,1
1072,mixed,9,132,17,0.36,861,4
1073,io_bound,2,132,6,0.67,201,3
1074,cpu_bound,18,132,52,0.15,884,16
1075,interactive,3,132,4,0.8,111,3
1076,io_bound,9,132,2,0.85,43,2
1077,mixed,15,132,20,0.6,338,7
1078,mixed,15,132,9,0.34,279,5
1079,cpu_bound,13,132,56,0.06,794,5
1080,cpu_bound,16,132,39,0.11,1154,14
1081,io_bound,10,132,9,0.94,234,3
1082,cpu_bound,18,132,29,0.14,542,15
1083,interactive,5,132,4,0.79,187,4
1084,mixed,10,133,10,0.43,418,7
1085,io_bound,4,133,1,0.75,147,3
1086,mixed,10,133,23,0.38,691,2
1087,mixed,10,133,9,0.51,741,5
1088,io_bound,8,134,4,0.92,92,1
1089,interactive,1,134,1,0.49,449,2
1090,io_bound,1,134,7,0.68,101,1
1091,io_bound,7,134,6,0.89,115,2
1092,cpu_bound,16,135,49,0.2,1730,13
1093,mixed,6,135,11,0.39,474,6
1094,mixed,15,135,24,0.43,169,6
1095,mixed,11,135,19,0.48,339,3
1096,io_bound,3,135,2,0.76,216,3
1097,io_bound,10,135,5,0.91,112,1
1098,interactive,2,135,3,0.75,120,3
1099,io_bound,3,135,1,0.67,142,3
1100,mixed,12,136,30,0.42,320,6
1101,io_bound,3,136,5,0.95,165,2
1102,io_bound,8,136,5,0.89,165,4
1103,mixed,12,136,11,0.44,496,2
1104,cpu_bound,15,136,19,0.09,726,5
1105,interactive,3,136,2,0.46,510,1
1106,io_bound,6,136,5,0.67,212,3
1107,io_bound,7,136,8,0.79,175,1
1108,mixed,7,136,22,0.45,825,7
1109,cpu_bound,17,137,35,0.18,1090,16
1110,io_bound,9,138,7,0.69,230,3
1111,io_bound,5,138,6,0.94,35,2
1112,io_bound,5,138,1,0.68,217,4
1113,interactive,1,138,2,0.42,106,3
1114,cpu_bound,11,139,43,0.18,652,13
1115,cpu_bound,12,139,28,0.15,1048,6
1116,cpu_bound,18,139,23,0.15,1337,7
1117,cpu_bound,17,139,23,0.14,612,12
1118,io_bound,1,139,1,0.7,200,3
1119,mixed,8,139,21,0.56,214,2
1120,mixed,8,139,16,0.34,538,2
1121,interactive,4,139,1,0.73,420,4
1122,io_bound,10,140,1,0.87,245,3
1123,mixed,6,140,24,0.48,602,4
1124,mixed,6,140,16,0.56,1014,2
1125,io_bound,2,140,9,0.73,113,4
1126,io_bound,2,140,2,0.75,214,2
1127,mixed,7,140,18,0.45,410,5
1128,cpu_bound,16,140,27,0.06,1013,6
1129,mixed,5,141,10,0.5,919,4
1130,mixed,12,141,9,0.52,166,2
1131,cpu_bound,13,141,20,0.18,1576,14
1132,mixed,8,141,18,0.4,618,2
1133,cpu_bound,16,141,22,0.16,1074,9
1134,mixed,5,141,21,0.3,458,5
1135,cpu_bound,12,141,28,0.17,804,7
1136,io_bound,7,142,1,0.71,185,2
1137,cpu_bound,11,142,34,0.1,1769,13
1138,cpu_bound,10,142,46,0.07,992,14
1139,io_bound,1,142,2,0.68,77,2
1140,io_bound,1,142,6,0.68,125,4
1141,io_bound,9,142,4,0.66,36,3
1142,cpu_bound,19,142,23,0.08,842,5
1143,interactive,4,142,4,0.78,406,1
1144,interactive,2,142,1,0.8,155,2
1145,io_bound,1,143,6,0.67,244,3
1146,cpu_bound,15,143,44,0.07,1579,14
1147,mixed,11,143,19,0.37,209,5
1148,io_bound,8,143,1,0.93,126,2
1149,io_bound,5,143,8,0.78,204,3
1150,cpu_bound,16,144,35,0.2,1359,11
1151,cpu_bound,14,144,25,0.13,1689,7
1152,io_bound,3,144,5,0.91,200,1
1153,mixed,13,144,12,0.31,521,7
1154,io_bound,2,144,6,0.89,202,4
1155,cpu_bound,14,144,40,0.16,1234,12
1156,io_bound,1,145,1,0.91,71,2
1157,cpu_bound,19,145,32,0.12,1557,11
1158,interactive,2,145,1,0.74,498,1
1159,mixed,11,145,22,0.37,578,7
1160,mixed,10,145,12,0.49,749,5
1161,mixed,10,145,11,0.57,472,6
1162,io_bound,2,146,2,0.88,114,3
1163,mixed,5,146,6,0.57,680,6
1164,interactive,4,146,4,0.55,411,4
1165,cpu_bound,18,146,32,0.13,1153,16
1166,interactive,1,146,1,0.6,315,2
1167,io_bound,9,146,1,0.7,241,2
1168,io_bound,10,147,6,0.84,245,1
1169,mixed,6,147,9,0.43,994,2
1170,cpu_bound,10,147,29,0.19,1570,14
1171,interactive,2,147,1,0.69,491,2
1172,io_bound,8,147,6,0.79,66,3
1173,io_bound,5,147,3,0.78,44,3
1174,io_bound,9,148,3,0.69,206,4
1175,mixed,14,148,20,0.46,745,3
1176,mixed,13,148,16,0.55,608,7
1177,io_bound,7,149,2,0.81,90,3
1178,io_bound,5,149,4,0.79,66,2
1179,io_bound,5,149,1,0.71,210,3
1180,interactive,4,149,1,0.68,394,3
1181,interactive,2,149,3,0.64,151,4
1182,interactive,3,150,1,0.66,118,3
1183,io_bound,3,150,4,0.72,113,3
1184,interactive,5,150,2,0.69,303,4
1185,mixed,9,151,20,0.52,747,7
1186,mixed,13,151,13,0.38,687,6
1187,mixed,10,151,18,0.57,136,8
1188,io_bound,3,151,1,0.75,137,4
1189,io_bound,6,152,6,0.8,202,4
1190,mixed,15,153,25,0.59,204,5
1191,mixed,8,153,4,0.51,577,6
1192,mixed,10,153,19,0.31,907,5
1193,cpu_bound,14,153,35,0.14,526,12
1194,mixed,5,153,25,0.58,367,3
1195,mixed,10,153,12,0.44,837,3
1196,interactive,2,153,1,0.81,499,4
1197,cpu_bound,10,153,36,0.19,1873,7
1198,io_bound,2,153,4,0.74,156,4
1199,interactive,5,153,2,0.66,113,4
1200,mixed,9,153,18,0.33,827,3
1201,cpu_bound,15,154,25,0.11,1357,15
1202,cpu_bound,17,154,36,0.05,1857,16
1203,io_bound,9,154,4,0.89,187,4
1204,io_bound,8,155,2,0.92,38,4
1205,interactive,3,155,1,0.63,118,3
1206,io_bound,1,155,2,0.79,85,2
1207,mixed,14,155,13,0.38,547,7
1208,io_bound,7,155,3,0.87,138,2
1209,mixed,13,155,10,0.38,518,7
1210,cpu_bound,13,155,27,0.09,974,11
1211,mixed,12,156,26,0.5,644,3
1212,io_bound,7,156,1,0.71,52,1
1213,mixed,9,156,15,0.34,887,5
1214,io_bound,8,157,4,0.81,195,3
1215,mixed,14,157,8,0.58,752,7
1216,mixed,13,158,17,0.41,419,2
1217,cpu_bound,10,159,38,0.07,516,10
1218,interactive,4,159,1,0.61,328,3
1219,mixed,11,159,19,0.31,486,6
1220,mixed,9,159,23,0.41,338,6
1221,mixed,15,159,4,0.52,378,2
1222,io_bound,6,159,8,0.88,229,2
1223,cpu_bound,15,159,31,0.14,1865,8
1224,io_bound,9,160,1,0.77,89,1
1225,cpu_bound,10,160,42,0.19,653,11
1226,cpu_bound,15,160,22,0.17,1914,16
1227,cpu_bound,16,160,33,0.13,1846,16
1228,cpu_bound,12,161,24,0.06,1400,14
1229,io_bound,10,161,2,0.93,200,2
1230,mixed,11,161,6,0.33,234,7
1231,io_bound,4,161,1,0.87,183,3
1232,io_bound,10,161,3,0.8,201,4
1233,cpu_bound,13,161,45,0.11,677,8
1234,cpu_bound,13,161,37,0.2,1400,9
1235,interactive,3,162,1,0.74,267,2
1236,mixed,7,162,21,0.41,202,3
1237,mixed,7,163,22,0.4,153,5
1238,cpu_bound,20,163,31,0.11,1390,11
1239,mixed,15,163,14,0.52,429,8
1240,interactive,2,164,1,0.76,324,2
1241,mixed,6,164,18,0.36,371,5
1242,io_bound,9,164,6,0.78,95,2
1243,io_bound,6,164,9,0.82,121,4
1244,mixed,12,165,14,0.57,278,8
1245,cpu_bound,20,165,21,0.06,738,13
1246,interactive,2,165,3,0.6,315,2
1247,io_bound,10,165,1,0.89,117,3
1248,io_bound,8,165,7,0.78,188,4
1249,cpu_bound,20,165,22,0.16,946,8
1250,cpu_bound,17,165,17,0.05,1547,11
1251,interactive,2,165,3,0.79,406,4
1252,io_bound,6,165,3,0.93,223,3
1253,mixed,11,166,11,0.31,357,7
1254,io_bound,10,166,1,0.79,126,1
1255,io_bound,3,166,1,0.67,53,4
1256,cpu_bound,18,166,20,0.11,1989,14
1257,io_bound,4,166,6,0.91,158,4
1258,interactive,5,167,2,0.73,350,2
1259,cpu_bound,18,167,35,0.06,1257,12
1260,interactive,4,167,1,0.75,290,2
1261,interactive,4,167,4,0.67,397,3
1262,mixed,7,167,22,0.3,626,2
1263,interactive,4,167,4,0.61,84,1
1264,mixed,10,167,19,0.34,453,7
1265,io_bound,5,168,4,0.66,143,1
1266,mixed,8,168,26,0.47,301,7
1267,mixed,12,168,6,0.39,882,2
1268,cpu_bound,17,168,50,0.06,1248,10
1269,mixed,11,168,27,0.58,532,7
1270,io_bound,8,168,2,0.93,69,4
1271,io_bound,2,168,7,0.89,140,4
1272,mixed,11,169,23,0.58,331,2
1273,io_bound,10,169,3,0.75,76,3
1274,interactive,4,169,6,0.72,254,4
1275,interactive,3,169,4,0.47,232,4
1276,cpu_bound,16,169,45,0.11,1275,4
1277,cpu_bound,14,170,37,0.15,1267,11
1278,io_bound,4,170,2,0.92,145,1
1279,interactive,1,171,4,0.48,499,3
1280,interactive,4,171,1,0.54,233,3
1281,cpu_bound,18,171,36,0.07,595,10
1282,cpu_bound,19,171,46,0.19,1686,4
1283,io_bound,1,172,8,0.84,127,3
1284,mixed,14,172,18,0.33,437,4
1285,mixed,14,172,24,0.43,488,4
1286,cpu_bound,12,172,47,0.13,1805,13
1287,cpu_bound,11,173,36,0.14,1617,12
1288,interactive,3,173,2,0.47,320,2
1289,cpu_bound,19,173,43,0.06,824,13
1290,io_bound,8,174,4,0.81,120,3
1291,cpu_bound,16,174,17,0.12,1146,13
1292,cpu_bound,15,174,39,0.11,1734,15
1293,mixed,7,174,19,0.54,213,2
1294,cpu_bound,12,174,31,0.18,1761,14
1295,interactive,3,175,3,0.82,208,3
1296,io_bound,3,175,2,0.9,165,2
1297,cpu_bound,16,175,47,0.15,1074,8
1298,cpu_bound,17,175,43,0.1,1918,12
1299,mixed,11,175,10,0.49,941,3
1300,cpu_bound,18,176,25,0.08,1177,14
1301,interactive,2,176,1,0.54,444,4
1302,cpu_bound,16,176,39,0.06,1136,8
1303,cpu_bound,17,176,28,0.14,1190,13
1304,mixed,5,176,10,0.34,638,4
1305,cpu_bound,11,176,30,0.18,572,9
1306,mixed,14,177,8,0.32,801,6
1307,cpu_bound,11,177,43,0.07,1264,8
1308,mixed,6,177,14,0.42,314,5
1309,cpu_bound,16,177,20,0.15,798,15
1310,interactive,5,178,2,0.42,253,2
1311,mixed,12,178,6,0.34,783,2
1312,interactive,3,178,2,0.53,395,1
1313,interactive,2,178,2,0.52,466,3
1314,cpu_bound,11,179,32,0.18,1843,9
1315,io_bound,9,179,3,0.77,184,2
1316,cpu_bound,15,179,47,0.16,1498,14
1317,cpu_bound,16,179,49,0.15,1588,13
1318,io_bound,4,179,1,0.85,180,2
1319,cpu_bound,14,179,28,0.19,1043,13
1320,cpu_bound,15,180,19,0.11,647,7
1321,cpu_bound,11,180,45,0.14,1550,10
1322,io_bound,5,180,2,0.7,183,3
1323,interactive,2,180,3,0.51,425,4
1324,mixed,14,180,10,0.49,210,6
1325,interactive,4,180,5,0.79,338,4
1326,cpu_bound,13,181,35,0.19,1345,15
1327,io_bound,4,181,9,0.84,55,1
1328,interactive,2,182,1,0.79,473,2
1329,mixed,5,182,3,0.46,409,6
1330,cpu_bound,13,182,22,0.19,1420,16
1331,cpu_bound,19,182,38,0.16,754,14
1332,io_bound,5,182,6,0.83,133,3
1333,interactive,5,182,1,0.59,355,1
1334,io_bound,10,182,9,0.86,82,1
1335,mixed,6,183,14,0.39,289,5
1336,mixed,10,183,18,0.53,206,6
1337,mixed,12,183,15,0.54,926,2
1338,mixed,9,183,28,0.56,560,8
1339,io_bound,10,183,4,0.79,150,3
1340,io_bound,1,184,5,0.67,154,2
1341,cpu_bound,18,184,29,0.06,517,10
1342,cpu_bound,20,184,36,0.19,1360,6
1343,cpu_bound,20,185,43,0.11,1440,5
1344,cpu_bound,12,185,35,0.07,1577,11
1345,io_bound,3,186,3,0.65,173,4
1346,io_bound,3,186,1,0.86,149,3
1347,mixed,13,187,11,0.44,690,2
1348,interactive,2,188,1,0.4,426,3
1349,mixed,5,189,12,0.39,977,5
1350,mixed,5,189,19,0.42,467,7
1351,cpu_bound,19,189,47,0.13,1846,5
1352,cpu_bound,20,189,43,0.19,1593,14
1353,mixed,12,190,11,0.43,133,2
1354,interactive,2,190,4,0.41,66,2
1355,mixed,14,190,9,0.5,983,3
1356,cpu_bound,16,190,30,0.15,1496,4
1357,io_bound,5,190,6,0.84,39,1
1358,mixed,14,191,9,0.47,543,6
1359,io_bound,3,191,1,0.84,52,3
1360,mixed,5,191,20,0.44,480,2
1361,cpu_bound,13,191,48,0.14,1180,12
1362,cpu_bound,13,192,33,0.13,1992,4
1363,mixed,13,192,24,0.45,714,2
1364,mixed,15,193,6,0.33,984,2
1365,interactive,2,193,2,0.65,322,3
1366,cpu_bound,14,193,19,0.11,1427,9
1367,mixed,11,194,14,0.33,358,7
1368,mixed,14,194,21,0.4,302,6
1369,interactive,1,194,4,0.46,151,3
1370,interactive,2,195,5,0.72,268,3
1371,cpu_bound,17,195,31,0.1,1064,5
1372,io_bound,9,195,2,0.94,256,3
1373,io_bound,6,195,1,0.95,69,2
1374,io_bound,5,195,3,0.73,40,1
1375,cpu_bound,17,196,24,0.09,1051,12
1376,cpu_bound,16,196,33,0.1,1873,7
1377,interactive,5,196,2,0.84,162,4
1378,io_bound,7,196,2,0.66,159,4
1379,interactive,4,196,1,0.78,194,1
1380,mixed,10,197,12,0.49,535,7
1381,io_bound,3,197,6,0.9,174,1
1382,mixed,11,197,15,0.45,268,3
1383,mixed,11,197,15,0.45,673,8
1384,cpu_bound,19,197,26,0.1,974,7
1385,io_bound,3,197,8,0.93,77,4
1386,cpu_bound,10,197,17,0.13,1656,14
1387,mixed,5,198,15,0.47,684,6
1388,io_bound,6,198,1,0.7,52,4
1389,io_bound,2,198,4,0.88,190,4
1390,io_bound,8,198,1,0.67,192,1
1391,io_bound,5,198,2,0.82,208,3
1392,mixed,6,199,21,0.44,546,4
1393,mixed,10,199,22,0.57,354,7
1394,io_bound,2,199,1,0.78,82,1
1395,cpu_bound,12,199,45,0.08,1516,15
1396,io_bound,7,199,2,0.76,209,4
1397,cpu_bound,12,199,49,0.16,1298,16
1398,interactive,2,199,1,0.59,235,3
1399,mixed,8,199,9,0.45,712,7
1400,mixed,14,200,9,0.41,415,6
1401,mixed,6,201,11,0.56,794,8
1402,cpu_bound,18,201,43,0.2,632,12
1403,mixed,5,201,28,0.55,508,6
1404,mixed,7,201,15,0.38,845,3
1405,mixed,8,201,26,0.33,1005,6
1406,cpu_bound,17,201,44,0.05,1633,9
1407,interactive,1,201,4,0.59,389,1
1408,io_bound,9,201,3,0.92,198,3
1409,cpu_bound,17,202,18,0.15,1656,13
1410,io_bound,2,202,2,0.78,192,4
1411,mixed,9,203,14,0.45,673,7
1412,cpu_bound,14,203,37,0.12,1991,9
1413,mixed,9,203,19,0.5,409,2
1414,cpu_bound,17,203,32,0.19,1726,11
1415,cpu_bound,12,204,46,0.2,1618,8
1416,io_bound,9,204,7,0.73,156,3
1417,io_bound,7,204,7,0.77,194,1
1418,cpu_bound,13,205,26,0.2,1698,15
1419,cpu_bound,17,205,34,0.18,709,11
1420,io_bound,5,205,2,0.92,156,4
1421,mixed,6,206,23,0.3,264,8
1422,io_bound,4,207,6,0.85,96,3
1423,io_bound,9,207,3,0.83,35,2
1424,io_bound,1,207,7,0.92,230,4
1425,mixed,13,208,9,0.43,848,4
1426,interactive,1,208,1,0.58,257,4
1427,io_bound,8,208,10,0.92,252,1
1428,mixed,6,208,15,0.37,639,2
1429,cpu_bound,11,208,16,0.12,566,6
1430,io_bound,3,208,5,0.71,139,4
1431,cpu_bound,14,209,33,0.11,1503,16
1432,cpu_bound,16,209,36,0.08,951,6
1433,io_bound,10,209,3,0.8,112,3
1434,io_bound,6,209,3,0.95,143,4
1435,mixed,14,209,19,0.45,318,8
1436,mixed,9,210,22,0.55,609,2
1437,interactive,5,210,1,0.73,234,3
1438,mixed,12,210,25,0.34,414,7
1439,io_bound,10,211,1,0.7,147,3
1440,interactive,4,211,1,0.81,395,2
1441,cpu_bound,20,211,40,0.09,1559,15
1442,io_bound,3,212,4,0.73,243,4
1443,mixed,5,212,15,0.36,184,7
1444,interactive,1,212,2,0.84,207,1
1445,io_bound,7,212,1,0.71,157,3
1446,io_bound,4,212,1,0.67,209,3
1447,cpu_bound,19,213,50,0.07,1861,13
1448,mixed,6,213,24,0.47,495,4
1449,interactive,1,214,3,0.64,297,1
1450,mixed,10,214,20,0.44,701,8
1451,io_bound,10,214,7,0.84,85,2
1452,io_bound,8,214,3,0.79,199,4
1453,mixed,9,214,22,0.55,825,5
1454,mixed,13,214,21,0.45,325,8
1455,cpu_bound,12,214,34,0.16,1128,9
1456,cpu_bound,18,214,29,0.15,939,15
1457,mixed,9,215,13,0.33,154,4
1458,cpu_bound,19,215,20,0.19,686,7
1459,io_bound,9,215,2,0.68,241,1
1460,io_bound,7,215,3,0.79,51,1
1461,mixed,15,215,21,0.5,924,5
1462,mixed,14,215,13,0.41,259,7
1463,mixed,6,215,8,0.54,234,2
1464,io_bound,1,215,5,0.89,159,1
1465,interactive,1,215,3,0.74,378,3
1466,io_bound,10,215,1,0.94,193,4
1467,io_bound,9,216,1,0.71,127,1
1468,mixed,8,216,15,0.34,173,2
1469,interactive,2,216,1,0.55,121,2
1470,io_bound,1,217,4,0.74,236,4
1471,io_bound,9,217,2,0.71,99,1
1472,mixed,9,217,25,0.3,434,4
1473,cpu_bound,11,217,42,0.1,2023,10
1474,mixed,9,217,21,0.51,269,6
1475,cpu_bound,16,218,31,0.11,733,11
1476,io_bound,7,218,5,0.87,120,1
1477,mixed,8,218,22,0.52,414,3
1478,io_bound,9,218,7,0.74,197,3
1479,io_bound,6,219,7,0.94,207,4
1480,interactive,3,219,1,0.67,244,1
1481,cpu_bound,15,219,27,0.12,1769,13
1482,mixed,6,220,19,0.4,878,7
1483,mixed,15,220,5,0.56,872,3
1484,io_bound,6,220,1,0.94,83,3
1485,mixed,11,220,7,0.31,154,3
1486,mixed,9,221,25,0.31,537,5
1487,io_bound,9,221,1,0.85,254,1
1488,cpu_bound,16,221,32,0.2,1782,12
1489,interactive,1,221,4,0.46,328,3
1490,mixed,12,223,16,0.43,819,3
1491,mixed,9,223,16,0.47,189,6
1492,cpu_bound,18,223,41,0.08,988,4
1493,interactive,4,223,1,0.78,97,3
1494,io_bound,10,223,5,0.87,47,2
1495,mixed,6,223,14,0.55,631,5
1496,cpu_bound,16,224,24,0.08,1293,9
1497,io_bound,6,224,5,0.71,140,2
1498,io_bound,7,224,7,0.86,135,3
1499,cpu_bound,12,225,46,0.13,1473,11
1500,cpu_bound,17,225,43,0.15,1323,11
1501,io_bound,5,225,1,0.77,79,2
1502,io_bound,6,226,6,0.68,176,2
1503,mixed,13,226,15,0.37,328,2
1504,mixed,5,226,8,0.47,947,4
1505,mixed,6,226,19,0.47,448,5
1506,mixed,6,226,15,0.37,633,4
1507,io_bound,4,226,3,0.9,50,2
1508,cpu_bound,19,227,26,0.07,1971,10
1509,io_bound,4,227,1,0.7,58,1
1510,mixed,12,227,20,0.31,588,6
1511,io_bound,6,227,3,0.9,124,4
1512,io_bound,4,227,6,0.71,73,4
1513,interactive,5,227,4,0.49,354,2
1514,interactive,5,227,2,0.74,356,2
1515,cpu_bound,18,228,42,0.06,1376,4
1516,cpu_bound,19,228,32,0.18,925,11
1517,interactive,4,228,4,0.54,480,3
1518,cpu_bound,20,228,26,0.13,1443,4
1519,mixed,12,228,8,0.32,141,7
1520,mixed,8,229,8,0.45,510,2
1521,mixed,7,229,9,0.33,588,5
1522,interactive,5,229,4,0.62,437,4
1523,mixed,13,230,13,0.3,798,3
1524,cpu_bound,19,230,38,0.08,617,14
1525,cpu_bound,18,231,35,0.09,1237,8
1526,mixed,10,231,21,0.41,698,8
1527,cpu_bound,16,231,37,0.18,1281,7
1528,interactive,4,231,1,0.64,66,4
1529,mixed,6,231,15,0.37,182,2
1530,mixed,5,231,20,0.4,383,3
1531,cpu_bound,19,231,31,0.16,859,6
1532,interactive,2,232,4,0.6,281,4
1533,io_bound,4,232,1,0.81,140,4
1534,interactive,4,232,1,0.77,302,4
1535,interactive,3,233,4,0.5,319,4
1536,mixed,6,233,18,0.47,684,5
1537,mixed,6,233,18,0.37,247,3
1538,mixed,11,233,11,0.5,382,5
1539,interactive,5,233,4,0.51,84,3
1540,interactive,3,233,5,0.45,76,4
1541,interactive,2,233,2,0.73,426,4
1542,io_bound,5,233,2,0.71,43,4
1543,mixed,5,233,12,0.53,271,3
1544,mixed,15,234,19,0.32,492,7
1545,cpu_bound,18,234,33,0.07,1148,4
1546,mixed,8,234,13,0.36,899,7
1547,io_bound,6,234,1,0.89,50,2
1548,cpu_bound,11,235,47,0.12,1972,11
1549,io_bound,7,235,4,0.71,49,2
1550,mixed,7,235,4,0.36,981,4
1551,cpu_bound,10,235,27,0.07,824,15
1552,io_bound,6,235,7,0.81,203,4
1553,io_bound,5,235,8,0.65,72,3
1554,interactive,5,235,1,0.47,148,4
1555,mixed,7,235,20,0.55,1005,2
1556,io_bound,6,236,5,0.94,149,3
1557,cpu_bound,20,236,20,0.15,1185,9
1558,cpu_bound,18,236,19,0.18,1159,6
1559,cpu_bound,14,236,39,0.08,1321,9
1560,mixed,7,237,16,0.33,648,5
1561,mixed,6,237,27,0.46,845,6
1562,cpu_bound,20,237,24,0.13,584,11
1563,cpu_bound,16,237,23,0.05,1727,6
1564,mixed,9,238,7,0.37,836,3
1565,cpu_bound,14,238,39,0.08,883,14
1566,io_bound,10,238,2,0.81,32,4
1567,mixed,5,238,21,0.39,170,4
1568,cpu_bound,19,238,34,0.15,1485,12
1569,mixed,6,238,21,0.54,712,4
1570,cpu_bound,13,239,33,0.18,1241,6
1571,cpu_bound,18,239,25,0.14,1413,10
1572,cpu_bound,18,240,28,0.07,1441,9
1573,io_bound,2,240,3,0.79,237,2
1574,io_bound,4,240,5,0.95,192,2
1575,io_bound,2,241,4,0.8,193,2
1576,io_bound,2,241,5,0.81,196,1
1577,mixed,8,241,25,0.37,593,6
1578,mixed,5,242,8,0.48,142,4
1579,io_bound,10,242,5,0.88,165,3
1580,mixed,5,242,15,0.5,591,4
1581,cpu_bound,20,242,37,0.18,1794,4
1582,io_bound,5,243,7,0.66,105,3
1583,mixed,8,244,10,0.36,677,5
1584,interactive,1,244,2,0.44,265,4
1585,io_bound,9,244,1,0.79,249,2
1586,cpu_bound,10,244,23,0.11,620,14
1587,mixed,7,244,13,0.44,757,6
1588,mixed,9,244,19,0.33,266,2
1589,mixed,8,244,18,0.51,269,8
1590,interactive,4,244,2,0.63,120,3
1591,io_bound,9,245,6,0.83,53,1
1592,cpu_bound,19,245,42,0.06,791,5
1593,mixed,14,245,15,0.6,132,6
1594,mixed,8,245,5,0.38,682,2
1595,mixed,8,245,23,0.39,540,3
1596,interactive,1,245,5,0.72,247,1
1597,cpu_bound,11,246,39,0.07,2007,6
1598,cpu_bound,16,246,44,0.18,1803,15
1599,cpu_bound,11,246,43,0.06,1380,11
1600,io_bound,6,247,8,0.71,185,3
1601,mixed,11,248,14,0.44,361,5
1602,io_bound,1,248,1,0.95,219,1
1603,io_bound,9,248,3,0.71,103,1
1604,interactive,3,249,4,0.75,149,1
1605,cpu_bound,12,249,44,0.15,1898,6
1606,io_bound,9,249,2,0.71,68,3
1607,cpu_bound,17,249,26,0.08,570,11
1608,cpu_bound,13,249,29,0.2,1680,8
1609,io_bound,9,250,6,0.69,139,4
1610,io_bound,10,250,3,0.67,193,3
1611,io_bound,9,250,4,0.75,104,4
1612,mixed,15,250,19,0.37,431,4
1613,mixed,10,250,8,0.41,401,6
1614,io_bound,3,251,2,0.71,149,1
1615,io_bound,10,251,3,0.72,106,2
1616,cpu_bound,14,251,19,0.11,1679,10
1617,cpu_bound,14,251,26,0.05,1805,16
1618,mixed,9,251,11,0.32,850,4
1619,interactive,4,252,3,0.55,467,3
1620,io_bound,2,252,5,0.76,233,2
1621,io_bound,2,252,1,0.73,71,1
1622,mixed,6,252,11,0.54,843,5
1623,mixed,7,252,6,0.36,523,4
1624,io_bound,4,252,6,0.92,203,4
1625,cpu_bound,12,253,25,0.06,851,16
1626,interactive,2,253,4,0.48,504,1
1627,io_bound,6,254,2,0.7,229,1
1628,io_bound,10,254,1,0.72,121,2
1629,cpu_bound,16,254,25,0.08,1231,14
1630,cpu_bound,17,255,34,0.08,787,4
1631,interactive,5,256,4,0.5,90,4
1632,io_bound,4,256,5,0.94,190,4
1633,cpu_bound,18,256,28,0.08,1424,10
1634,io_bound,8,256,3,0.84,231,3
1635,mixed,15,256,4,0.47,474,3
1636,io_bound,8,257,6,0.86,239,4
1637,interactive,3,257,1,0.83,352,2
1638,io_bound,9,257,2,0.81,112,4
1639,io_bound,2,257,2,0.76,175,2
1640,io_bound,4,258,1,0.82,43,4
1641,io_bound,5,258,9,0.84,182,1
1642,mixed,15,258,13,0.49,1004,3
1643,mixed,9,258,20,0.43,501,3
1644,io_bound,2,259,1,0.74,201,3
1645,cpu_bound,20,259,48,0.05,698,6
1646,io_bound,6,259,1,0.74,117,4
1647,io_bound,5,259,2,0.92,173,3
1648,mixed,12,259,15,0.48,213,3
1649,io_bound,2,259,6,0.94,66,3
1650,io_bound,3,260,2,0.71,190,4
1651,cpu_bound,20,261,23,0.13,577,15
1652,interactive,5,261,2,0.45,282,3
1653,interactive,3,262,7,0.61,289,3
1654,mixed,6,262,10,0.41,642,2
1655,cpu_bound,16,262,28,0.09,1197,16
1656,io_bound,3,262,9,0.88,206,3
1657,cpu_bound,20,263,38,0.15,1340,15
1658,mixed,6,263,17,0.38,328,3
1659,io_bound,1,264,3,0.88,108,4
1660,io_bound,9,265,3,0.7,250,1
1661,io_bound,3,265,2,0.78,99,1
1662,interactive,4,266,5,0.47,135,2
1663,mixed,10,266,10,0.37,128,3
1664,io_bound,10,266,3,0.82,192,2
1665,cpu_bound,15,267,34,0.16,1288,8
1666,mixed,9,267,17,0.56,561,6
1667,cpu_bound,16,267,32,0.14,1374,8
1668,interactive,4,267,3,0.57,255,1
1669,io_bound,2,268,1,0.76,55,3
1670,interactive,5,268,1,0.79,101,3
1671,mixed,11,268,19,0.57,1000,4
1672,mixed,13,268,5,0.6,991,8
1673,io_bound,1,268,4,0.83,117,1
1674,interactive,5,268,2,0.49,386,3
1675,cpu_bound,13,268,55,0.07,1095,4
1676,io_bound,4,269,9,0.8,122,3
1677,cpu_bound,10,269,54,0.12,519,14
1678,cpu_bound,17,269,17,0.12,1425,10
1679,mixed,11,270,21,0.56,967,2
1680,cpu_bound,14,270,26,0.17,1991,9
1681,mixed,8,271,6,0.51,702,2
1682,interactive,3,271,2,0.84,277,1
1683,cpu_bound,17,272,29,0.1,1020,4
1684,mixed,11,272,21,0.4,308,6
1685,interactive,3,273,5,0.69,218,4
1686,mixed,15,273,25,0.45,134,6
1687,io_bound,9,273,4,0.91,214,2
1688,mixed,7,273,11,0.45,454,6
1689,interactive,5,274,4,0.8,171,1
1690,interactive,4,274,4,0.58,176,3
1691,mixed,6,274,27,0.4,813,7
1692,mixed,13,274,25,0.41,612,7
1693,io_bound,6,275,6,0.89,203,1
1694,cpu_bound,19,275,21,0.06,1736,14
1695,cpu_bound,10,275,40,0.2,838,5
1696,cpu_bound,12,275,19,0.13,1491,15
1697,interactive,5,275,1,0.7,366,2
1698,cpu_bound,13,276,25,0.17,1262,9
1699,io_bound,1,276,7,0.93,246,1
1700,cpu_bound,19,276,21,0.18,1576,5
1701,cpu_bound,18,277,39,0.06,1913,10
1702,io_bound,1,278,7,0.94,75,4
1703,io_bound,9,278,8,0.67,254,3
1704,mixed,8,278,24,0.56,934,7
1705,mixed,13,278,12,0.57,454,7
1706,io_bound,4,279,4,0.73,242,4
1707,interactive,2,279,3,0.8,434,4
1708,cpu_bound,15,279,35,0.17,1062,15
1709,cpu_bound,12,279,34,0.08,1300,9
1710,mixed,6,280,10,0.37,1005,7
1711,mixed,5,280,17,0.32,351,5
1712,mixed,8,280,7,0.49,599,2
1713,cpu_bound,15,281,30,0.19,937,10
1714,cpu_bound,16,282,37,0.18,1936,13
1715,mixed,7,282,10,0.36,614,8
1716,io_bound,7,282,6,0.79,216,2
1717,interactive,5,282,4,0.68,372,4
1718,mixed,14,282,24,0.35,1003,6
1719,mixed,7,282,22,0.38,222,6
1720,interactive,1,282,4,0.56,210,4
1721,mixed,14,283,22,0.41,468,8
1722,mixed,8,283,17,0.45,594,3
1723,cpu_bound,19,283,34,0.11,1906,10
1724,cpu_bound,13,284,27,0.09,1953,16
1725,cpu_bound,14,284,51,0.06,1250,8
1726,io_bound,2,284,2,0.9,227,1
1727,interactive,1,284,3,0.62,120,2
1728,interactive,2,284,3,0.52,85,1
1729,cpu_bound,15,285,38,0.13,1988,8
1730,interactive,1,285,5,0.48,226,2
1731,io_bound,9,285,1,0.87,62,3
1732,io_bound,10,285,3,0.7,245,4
1733,io_bound,7,286,6,0.9,50,2
1734,io_bound,4,286,4,0.77,46,2
1735,mixed,11,286,26,0.42,488,8
1736,io_bound,8,286,5,0.84,174,2
1737,io_bound,5,286,1,0.75,146,2
1738,io_bound,2,287,6,0.8,84,2
1739,io_bound,1,287,7,0.7,178,2
1740,mixed,14,288,19,0.42,352,3
1741,cpu_bound,15,288,23,0.15,1336,13
1742,mixed,10,289,4,0.51,491,7
1743,cpu_bound,12,289,23,0.11,1336,8
1744,cpu_bound,19,290,42,0.09,1308,5
1745,io_bound,10,290,7,0.91,211,2
1746,mixed,8,290,9,0.41,816,7
1747,mixed,13,291,9,0.52,482,2
1748,io_bound,7,291,5,0.79,148,1
1749,cpu_bound,18,291,40,0.2,513,15
1750,cpu_bound,12,291,36,0.15,516,13
1751,io_bound,6,291,7,0.78,215,1
1752,cpu_bound,13,291,42,0.17,918,15
1753,io_bound,3,292,7,0.66,190,2
1754,mixed,6,292,12,0.42,742,6
1755,interactive,4,292,4,0.49,65,2
1756,cpu_bound,19,294,17,0.14,1612,12
1757,mixed,8,294,27,0.35,813,2
1758,mixed,5,294,10,0.32,621,4
1759,cpu_bound,17,294,24,0.14,1001,11
1760,cpu_bound,18,294,53,0.08,1956,15
1761,io_bound,9,296,5,0.93,142,2
1762,io_bound,2,296,6,0.75,86,3
1763,io_bound,7,296,3,0.94,186,3
1764,interactive,5,296,3,0.45,431,4
1765,mixed,13,296,14,0.49,787,6
1766,cpu_bound,11,296,40,0.13,534,13
1767,io_bound,8,297,2,0.84,157,4
1768,io_bound,7,297,8,0.77,56,3
1769,interactive,2,297,3,0.6,213,1
1770,io_bound,7,297,9,0.86,145,4
1771,io_bound,6,297,4,0.91,103,4
1772,interactive,2,297,2,0.52,217,1
1773,cpu_bound,16,298,39,0.13,880,6
1774,io_bound,10,298,5,0.8,95,3
1775,io_bound,4,298,7,0.95,65,3
1776,interactive,2,298,3,0.52,500,2
1777,io_bound,10,298,8,0.94,195,3
1778,cpu_bound,11,298,48,0.18,1750,6
1779,interactive,1,300,4,0.45,130,2
1780,mixed,7,302,24,0.36,623,7
1781,mixed,12,302,14,0.31,776,3
1782,cpu_bound,13,302,33,0.09,1608,7
1783,interactive,2,303,1,0.73,234,4
1784,cpu_bound,13,303,15,0.07,1332,9
1785,io_bound,5,303,3,0.75,137,2
1786,io_bound,10,304,8,0.84,191,3
1787,mixed,5,304,15,0.32,481,5
1788,cpu_bound,19,304,36,0.17,1239,8
1789,mixed,11,305,27,0.55,1000,4
1790,io_bound,10,305,1,0.7,75,4
1791,io_bound,7,305,1,0.78,84,4
1792,mixed,10,306,14,0.57,954,2
1793,interactive,2,306,5,0.44,458,4
1794,io_bound,6,307,1,0.93,65,4
1795,cpu_bound,10,307,27,0.17,1563,13
1796,cpu_bound,18,307,38,0.2,817,10
1797,io_bound,1,308,3,0.75,88,1
1798,cpu_bound,17,308,23,0.08,921,16
1799,mixed,13,308,16,0.32,558,6
1800,interactive,4,308,2,0.83,191,2
1801,mixed,7,308,21,0.43,875,7
1802,cpu_bound,16,309,33,0.1,902,9
1803,mixed,12,309,21,0.34,479,3
1804,io_bound,2,311,5,0.81,92,4
1805,interactive,2,312,4,0.76,390,2
1806,io_bound,8,312,1,0.92,67,1
1807,io_bound,3,313,1,0.75,209,4
1808,cpu_bound,20,313,32,0.11,1166,11
1809,io_bound,9,313,4,0.91,251,1
1810,cpu_bound,16,314,27,0.12,765,12
1811,io_bound,3,315,3,0.79,186,3
1812,interactive,5,315,3,0.41,252,1
1813,io_bound,3,316,5,0.67,43,3
1814,cpu_bound,19,316,41,0.12,1532,11
1815,mixed,10,316,18,0.6,318,4
1816,io_bound,7,317,3,0.8,230,2
1817,mixed,14,318,9,0.44,799,8
1818,io_bound,2,318,3,0.94,89,4
1819,cpu_bound,12,320,29,0.09,1996,16
1820,io_bound,5,320,8,0.91,185,2
1821,mixed,12,320,16,0.46,982,8
1822,cpu_bound,12,321,31,0.18,1775,8
1823,interactive,5,322,3,0.57,488,4
1824,mixed,14,322,13,0.56,661,4
1825,cpu_bound,12,324,22,0.15,693,15
1826,io_bound,4,324,5,0.84,95,3
1827,io_bound,3,324,5,0.71,229,3
1828,mixed,9,325,12,0.45,810,5
1829,io_bound,10,325,5,0.81,127,2
1830,mixed,7,325,8,0.4,716,6
1831,mixed,14,326,28,0.54,829,4
1832,cpu_bound,19,326,21,0.11,1403,13
1833,interactive,4,326,1,0.79,406,1
1834,io_bound,1,326,1,0.75,137,4
1835,interactive,1,328,1,0.51,286,3
1836,cpu_bound,14,328,36,0.09,681,16
1837,io_bound,1,328,3,0.78,189,4
1838,mixed,9,329,9,0.37,270,7
1839,mixed,13,329,12,0.58,363,3
1840,io_bound,9,329,8,0.68,50,3
1841,mixed,13,329,8,0.33,773,2
1842,mixed,7,330,24,0.32,467,3
1843,io_bound,7,330,3,0.94,200,1
1844,io_bound,9,330,4,0.94,221,2
1845,io_bound,9,331,1,0.73,187,1
1846,mixed,15,331,19,0.46,260,7
1847,cpu_bound,16,332,43,0.14,1005,11
1848,cpu_bound,17,332,47,0.13,565,16
1849,io_bound,1,332,9,0.92,122,2
1850,io_bound,10,333,1,0.83,232,4
1851,io_bound,7,334,2,0.91,243,1
1852,interactive,4,334,3,0.48,447,3
1853,io_bound,8,334,3,0.87,147,3
1854,cpu_bound,19,334,25,0.15,1564,6
1855,mixed,13,334,8,0.33,563,5
1856,mixed,11,334,17,0.57,1000,6
1857,cpu_bound,20,334,45,0.19,1296,10
1858,cpu_bound,12,334,13,0.16,1808,11
1859,interactive,5,335,5,0.55,425,3
1860,cpu_bound,19,335,30,0.17,756,14
1861,interactive,2,336,1,0.74,97,2
1862,interactive,2,336,3,0.8,127,2
1863,io_bound,2,337,2,0.87,112,1
1864,cpu_bound,19,337,42,0.08,927,10
1865,mixed,7,338,17,0.41,860,4
1866,cpu_bound,20,339,25,0.19,847,15
1867,cpu_bound,18,339,46,0.11,979,6
1868,interactive,3,340,3,0.76,237,3
1869,mixed,5,340,8,0.51,964,2
1870,io_bound,10,340,1,0.9,252,4
1871,cpu_bound,17,341,35,0.15,1441,5
1872,interactive,5,342,1,0.54,393,1
1873,mixed,7,342,15,0.31,687,4
1874,cpu_bound,12,343,37,0.06,1288,9
1875,cpu_bound,10,343,42,0.16,1145,7
1876,mixed,9,344,11,0.32,620,8
1877,cpu_bound,15,344,42,0.09,679,9
1878,cpu_bound,12,344,39,0.16,1738,16
1879,mixed,6,344,16,0.5,260,3
1880,cpu_bound,10,345,35,0.06,1864,8
1881,io_bound,2,346,5,0.84,107,3
1882,mixed,12,346,15,0.35,240,5
1883,mixed,6,346,13,0.47,772,7
1884,io_bound,8,347,1,0.92,205,2
1885,io_bound,9,347,6,0.67,110,1
1886,cpu_bound,20,348,45,0.11,720,14
1887,mixed,14,348,25,0.4,694,7
1888,interactive,3,350,4,0.43,189,2
1889,cpu_bound,17,350,37,0.1,1732,6
1890,mixed,6,350,23,0.45,897,6
1891,mixed,14,351,16,0.32,920,8
1892,cpu_bound,12,352,33,0.15,1126,11
1893,cpu_bound,16,353,48,0.07,1381,15
1894,cpu_bound,16,353,49,0.17,1997,16
1895,cpu_bound,10,354,46,0.19,1327,12
1896,cpu_bound,10,354,33,0.09,700,13
1897,cpu_bound,16,354,19,0.13,1232,16
1898,mixed,6,355,12,0.47,671,5
1899,mixed,14,355,11,0.54,326,6
1900,cpu_bound,16,356,45,0.06,1474,6
1901,mixed,7,356,12,0.31,652,2
1902,io_bound,4,356,1,0.78,166,2
1903,io_bound,5,357,8,0.78,219,4
1904,mixed,10,357,15,0.42,489,6
1905,io_bound,2,357,7,0.71,149,1
1906,mixed,6,357,3,0.36,938,2
1907,cpu_bound,14,357,30,0.18,1612,5
1908,mixed,14,359,14,0.45,640,2
1909,io_bound,9,359,2,0.84,153,3
1910,io_bound,5,359,2,0.9,163,1
1911,io_bound,7,361,2,0.73,217,3
1912,mixed,6,361,6,0.39,804,4
1913,io_bound,5,362,1,0.68,47,1
1914,interactive,5,362,2,0.62,311,4
1915,interactive,4,363,3,0.74,484,3
1916,cpu_bound,16,363,27,0.08,1269,12
1917,mixed,14,363,11,0.41,569,5
1918,mixed,6,363,21,0.39,550,8
1919,mixed,5,365,8,0.54,790,5
1920,io_bound,1,366,1,0.71,86,2
1921,mixed,14,366,18,0.35,708,4
1922,mixed,8,366,20,0.55,1007,4
1923,cpu_bound,15,366,26,0.09,1422,9
1924,mixed,11,367,24,0.44,377,4
1925,mixed,8,368,25,0.54,954,5
1926,interactive,3,368,3,0.44,297,1
1927,io_bound,4,368,2,0.7,66,1
1928,mixed,15,369,15,0.44,809,5
1929,io_bound,3,369,6,0.74,191,1
1930,interactive,2,369,2,0.55,340,3
1931,mixed,10,370,8,0.56,717,8
1932,cpu_bound,18,371,25,0.11,1719,7
1933,interactive,1,372,2,0.5,374,4
1934,io_bound,1,372,5,0.86,141,2
1935,interactive,5,373,3,0.67,142,3
1936,interactive,5,373,1,0.57,500,3
1937,cpu_bound,18,373,27,0.16,1474,15
1938,interactive,4,373,4,0.59,346,2
1939,interactive,2,374,1,0.57,247,3
1940,io_bound,1,374,4,0.89,162,2
1941,mixed,10,375,13,0.53,935,6
1942,cpu_bound,10,375,48,0.06,1518,5
1943,mixed,12,375,11,0.47,985,6
1944,io_bound,6,376,1,0.93,110,4
1945,io_bound,3,377,8,0.83,111,2
1946,io_bound,4,378,3,0.67,136,3
1947,io_bound,3,378,4,0.93,189,4
1948,io_bound,5,378,8,0.91,55,2
1949,cpu_bound,19,378,36,0.05,1043,6
1950,mixed,7,378,24,0.56,770,7
1951,mixed,6,379,9,0.42,595,4
1952,io_bound,3,380,2,0.67,237,4
1953,mixed,11,380,7,0.38,757,2
1954,io_bound,6,381,5,0.91,98,3
1955,cpu_bound,20,381,31,0.18,1696,6
1956,io_bound,8,382,1,0.92,178,2
1957,cpu_bound,12,382,34,0.09,1328,5
1958,mixed,7,382,13,0.33,869,8
1959,io_bound,7,382,6,0.78,89,2
1960,interactive,3,382,1,0.43,395,3
1961,cpu_bound,15,384,20,0.09,1881,7
1962,cpu_bound,18,384,28,0.14,1385,8
1963,mixed,9,385,24,0.37,883,4
1964,cpu_bound,13,385,55,0.15,675,11
1965,cpu_bound,19,387,20,0.06,1921,5
1966,mixed,9,387,24,0.43,825,7
1967,io_bound,6,388,6,0.82,50,4
1968,mixed,6,388,21,0.32,479,3
1969,mixed,10,388,22,0.45,804,2
1970,io_bound,8,389,2,0.76,223,3
1971,io_bound,9,389,3,0.94,49,1
1972,cpu_bound,20,390,50,0.14,1867,8
1973,interactive,3,392,5,0.44,266,1
1974,interactive,5,392,4,0.56,154,1
1975,interactive,4,392,3,0.69,135,1
1976,cpu_bound,14,393,14,0.14,1572,6
1977,mixed,11,393,15,0.36,644,8
1978,cpu_bound,18,394,44,0.07,1058,5
1979,io_bound,5,395,9,0.81,248,1
1980,cpu_bound,19,395,29,0.06,1876,15
1981,io_bound,9,395,2,0.78,129,2
1982,interactive,2,395,4,0.47,138,2
1983,io_bound,8,395,1,0.93,102,4
1984,io_bound,8,396,2,0.69,208,3
1985,cpu_bound,14,396,44,0.15,1889,6
1986,mixed,10,398,8,0.3,801,5
1987,io_bound,8,399,4,0.89,126,3
1988,cpu_bound,10,399,34,0.12,779,7
1989,interactive,1,399,4,0.54,177,2
1990,mixed,13,399,10,0.57,561,3
1991,interactive,2,399,4,0.83,429,3
1992,mixed,8,399,17,0.58,611,8
1993,mixed,15,400,13,0.56,630,2
1994,mixed,12,400,17,0.41,602,8
1995,interactive,4,400,4,0.45,173,1
1996,mixed,14,401,22,0.39,894,8
1997,io_bound,1,401,6,0.84,232,4
1998,mixed,15,401,23,0.51,607,4
1999,cpu_bound,20,402,27,0.19,1109,12
2000,interactive,2,402,2,0.83,413,2
2001,mixed,7,402,24,0.47,801,7
2002,mixed,6,403,13,0.48,233,7
2003,interactive,4,404,2,0.74,176,3
2004,interactive,4,405,1,0.69,307,4
2005,mixed,8,405,7,0.47,467,8
2006,cpu_bound,19,405,35,0.17,1588,9
2007,io_bound,9,405,1,0.85,214,4
2008,io_bound,3,405,7,0.72,76,2
2009,interactive,3,406,3,0.47,490,3
2010,interactive,2,406,2,0.61,194,4
2011,io_bound,7,406,1,0.91,97,1
2012,cpu_bound,15,406,34,0.06,1521,15
2013,io_bound,9,407,5,0.91,32,4
2014,io_bound,5,408,2,0.73,121,1
2015,cpu_bound,10,408,19,0.07,1514,11
2016,interactive,1,409,2,0.65,115,3
2017,mixed,6,409,12,0.34,564,3
2018,mixed,5,409,11,0.55,233,6
2019,io_bound,7,410,4,0.8,139,2
2020,cpu_bound,16,410,26,0.12,1648,12
2021,interactive,2,411,1,0.52,118,2
2022,cpu_bound,15,411,47,0.2,1124,14
2023,io_bound,5,411,3,0.7,225,1
2024,cpu_bound,14,411,51,0.09,1524,10
2025,cpu_bound,18,412,23,0.09,1226,5
2026,interactive,4,412,4,0.73,362,2
2027,io_bound,4,412,6,0.93,188,1
2028,cpu_bound,17,413,28,0.16,999,6
2029,mixed,13,414,10,0.46,719,5
2030,io_bound,7,416,1,0.72,70,2
2031,mixed,11,417,21,0.41,286,5
2032,cpu_bound,14,417,44,0.2,545,14
2033,mixed,5,418,4,0.54,377,3
2034,cpu_bound,15,419,54,0.1,722,10
2035,cpu_bound,18,420,41,0.2,1785,13
2036,cpu_bound,20,420,48,0.18,803,6
2037,mixed,6,420,12,0.32,261,5
2038,io_bound,6,420,5,0.92,241,1
2039,io_bound,4,421,1,0.82,236,4
2040,cpu_bound,11,421,31,0.05,1899,6
2041,io_bound,7,421,4,0.69,156,1
2042,io_bound,5,422,4,0.85,86,2
2043,interactive,5,422,3,0.41,326,2
2044,mixed,12,424,26,0.32,383,8
2045,io_bound,6,424,2,0.91,113,3
2046,interactive,2,424,3,0.44,427,4
2047,io_bound,1,424,3,0.92,168,2
2048,io_bound,2,424,6,0.87,67,1
2049,io_bound,9,425,2,0.7,56,4
2050,io_bound,6,425,6,0.94,102,2
2051,cpu_bound,13,426,40,0.06,767,12
2052,io_bound,3,427,2,0.91,250,3
2053,mixed,6,430,29,0.54,792,7
2054,cpu_bound,18,430,23,0.19,1112,14
2055,mixed,12,431,12,0.43,369,8
2056,mixed,10,431,18,0.42,776,5
2057,interactive,2,431,4,0.72,210,2
2058,mixed,14,431,15,0.39,464,3
2059,mixed,7,432,9,0.38,908,4
2060,interactive,1,432,1,0.7,292,2
2061,cpu_bound,12,432,52,0.18,1814,16
2062,mixed,8,432,5,0.55,467,4
2063,io_bound,3,433,5,0.75,221,4
2064,interactive,5,433,2,0.43,444,3
2065,mixed,7,433,21,0.53,609,7
2066,io_bound,8,434,7,0.86,137,3
2067,mixed,10,434,19,0.49,540,4
2068,interactive,5,435,4,0.4,460,1
2069,mixed,7,435,26,0.59,419,4
2070,mixed,15,436,6,0.49,395,6
2071,cpu_bound,14,437,19,0.08,1620,4
2072,mixed,7,437,11,0.44,237,7
2073,interactive,1,438,4,0.53,106,2
2074,interactive,2,439,5,0.41,75,2
2075,cpu_bound,16,439,44,0.16,796,4
2076,io_bound,3,439,7,0.75,227,4
2077,io_bound,7,439,5,0.77,145,4
2078,mixed,9,440,21,0.51,593,5
2079,interactive,2,441,1,0.76,128,1
2080,cpu_bound,10,441,56,0.07,1173,15
2081,mixed,12,441,24,0.4,327,8
2082,mixed,15,442,21,0.59,322,4
2083,interactive,3,442,5,0.47,70,3
2084,interactive,5,443,4,0.81,92,1
2085,io_bound,7,444,1,0.82,169,4
2086,cpu_bound,14,445,49,0.05,1531,11
2087,interactive,2,446,4,0.61,181,4
2088,cpu_bound,10,446,28,0.1,875,10
2089,cpu_bound,16,447,23,0.11,1139,15
2090,cpu_bound,19,450,32,0.16,1915,10
2091,mixed,5,451,21,0.57,497,5
2092,cpu_bound,14,451,45,0.12,1658,10
2093,io_bound,3,452,1,0.77,210,4
2094,io_bound,1,452,4,0.94,167,1
2095,io_bound,3,453,6,0.68,129,2
2096,mixed,15,454,23,0.44,588,7
2097,mixed,8,455,11,0.43,553,8
2098,io_bound,5,455,9,0.71,68,4
2099,mixed,5,455,27,0.53,565,8
2100,mixed,6,456,11,0.48,728,3
2101,mixed,11,456,13,0.58,615,7
2102,cpu_bound,10,456,53,0.14,1482,13
2103,cpu_bound,11,456,33,0.15,1423,15
2104,cpu_bound,11,456,29,0.12,892,7
2105,io_bound,3,457,2,0.81,75,1
2106,cpu_bound,14,457,39,0.07,1452,13
2107,cpu_bound,13,458,38,0.09,672,10
2108,io_bound,5,459,2,0.84,54,3
2109,io_bound,9,460,8,0.94,57,3
2110,mixed,14,461,26,0.43,407,3
2111,mixed,14,461,17,0.31,1012,2
2112,cpu_bound,17,461,41,0.19,1489,8
2113,io_bound,7,462,3,0.88,210,2
2114,io_bound,5,463,5,0.82,42,1
2115,cpu_bound,12,464,22,0.13,1705,16
2116,interactive,2,464,3,0.54,88,2
2117,mixed,13,464,17,0.42,699,2
2118,mixed,9,464,22,0.46,918,7
2119,interactive,2,464,4,0.57,492,4
2120,io_bound,8,465,4,0.74,133,3
2121,io_bound,10,465,5,0.89,221,2
2122,interactive,3,466,4,0.73,449,1
2123,io_bound,10,466,2,0.93,54,1
2124,cpu_bound,14,468,36,0.14,1550,12
2125,cpu_bound,16,468,18,0.19,1332,13
2126,io_bound,10,469,2,0.87,180,4
2127,interactive,4,471,1,0.6,500,4
2128,mixed,15,471,5,0.59,748,2
2129,mixed,8,473,9,0.38,711,6
2130,interactive,2,474,2,0.51,85,3
2131,io_bound,1,474,9,0.93,232,2
2132,mixed,10,475,24,0.57,908,2
2133,interactive,4,475,2,0.73,74,4
2134,io_bound,10,475,2,0.67,246,2
2135,io_bound,6,476,7,0.7,86,3
2136,mixed,12,476,18,0.32,941,8
2137,mixed,13,477,24,0.36,922,4
2138,interactive,4,479,1,0.66,406,4
2139,io_bound,2,480,5,0.9,226,3
2140,cpu_bound,18,480,41,0.14,822,5
2141,cpu_bound,10,481,27,0.2,1145,16
2142,cpu_bound,13,482,25,0.12,965,15
2143,cpu_bound,20,483,43,0.11,544,7
2144,mixed,11,485,21,0.44,457,8
2145,mixed,6,486,12,0.52,939,5
2146,io_bound,1,486,7,0.83,124,3
2147,cpu_bound,20,487,22,0.07,1600,8
2148,interactive,1,488,3,0.84,401,4
2149,cpu_bound,16,488,26,0.1,1691,5
2150,interactive,2,488,4,0.58,220,4
2151,mixed,13,488,18,0.52,742,3
2152,io_bound,1,488,5,0.83,183,1
2153,mixed,12,491,22,0.36,319,6
2154,io_bound,2,493,7,0.67,88,3
2155,interactive,2,494,1,0.45,83,2
2156,mixed,11,494,9,0.51,756,5
2157,io_bound,9,495,9,0.7,47,4
2158,io_bound,6,495,6,0.78,142,2
2159,interactive,2,495,1,0.82,128,1
2160,cpu_bound,20,496,34,0.16,1292,9
2161,mixed,12,496,10,0.53,147,8
2162,io_bound,2,497,1,0.67,218,3
2163,mixed,15,497,12,0.45,275,6
2164,mixed,6,499,15,0.45,181,3
2165,mixed,7,499,23,0.39,872,4
2166,mixed,6,501,6,0.5,543,4
2167,cpu_bound,12,501,32,0.16,1405,5
2168,cpu_bound,18,502,38,0.11,1431,13
2169,cpu_bound,20,502,51,0.2,699,15
2170,cpu_bound,19,502,24,0.17,1314,4
2171,cpu_bound,17,502,41,0.19,737,4
2172,mixed,15,502,20,0.4,671,7
2173,mixed,10,503,25,0.34,684,6
2174,cpu_bound,15,504,29,0.08,540,15
2175,cpu_bound,17,504,44,0.05,835,11
2176,cpu_bound,12,504,33,0.06,1448,5
2177,mixed,12,506,10,0.34,891,2
2178,io_bound,1,506,1,0.72,157,4
2179,cpu_bound,14,507,25,0.14,1710,12
2180,io_bound,1,507,3,0.73,204,1
2181,interactive,2,507,3,0.52,273,1
2182,interactive,1,509,1,0.44,373,2
2183,cpu_bound,17,509,40,0.08,1759,8
2184,interactive,1,511,2,0.76,305,3
2185,cpu_bound,12,511,31,0.15,679,11
2186,io_bound,5,511,4,0.86,155,1
2187,cpu_bound,20,511,25,0.17,1135,13
2188,cpu_bound,19,511,35,0.05,531,16
2189,cpu_bound,12,512,32,0.16,1164,10
2190,io_bound,3,512,1,0.69,55,2
2191,io_bound,10,513,5,0.71,65,3
2192,mixed,15,513,26,0.53,453,8
2193,cpu_bound,12,515,43,0.1,1472,12
2194,interactive,4,515,1,0.63,476,1
2195,io_bound,5,517,3,0.94,232,4
2196,mixed,5,517,14,0.37,320,5
2197,cpu_bound,14,520,49,0.06,1186,15
2198,interactive,3,520,2,0.44,191,3
2199,io_bound,4,523,5,0.68,97,2
2200,cpu_bound,15,523,21,0.17,1575,11
2201,cpu_bound,16,523,24,0.14,1178,9
2202,mixed,6,524,7,0.53,352,3
2203,interactive,3,524,5,0.56,296,3
2204,io_bound,2,524,8,0.87,199,2
2205,mixed,9,524,25,0.57,1001,7
2206,io_bound,10,524,5,0.8,75,2
2207,cpu_bound,12,525,33,0.06,1172,13
2208,mixed,11,525,29,0.36,666,7
2209,mixed,12,525,22,0.56,237,2
2210,cpu_bound,13,526,43,0.18,1740,10
2211,cpu_bound,11,526,30,0.1,2019,9
2212,io_bound,5,527,7,0.75,179,2
2213,mixed,13,527,17,0.38,771,6
2214,cpu_bound,18,528,28,0.05,1913,7
2215,interactive,5,528,4,0.5,466,4
2216,cpu_bound,13,529,31,0.15,1395,11
2217,mixed,5,529,5,0.32,491,5
2218,cpu_bound,17,529,36,0.09,1747,11
2219,io_bound,1,530,2,0.92,158,2
2220,mixed,10,530,15,0.34,587,6
2221,io_bound,7,531,4,0.85,212,1
2222,io_bound,7,534,2,0.74,132,2
2223,cpu_bound,20,535,27,0.19,1244,7
2224,interactive,5,536,1,0.76,364,3
2225,io_bound,7,538,6,0.87,56,1
2226,cpu_bound,11,539,30,0.07,1825,14
2227,mixed,13,539,21,0.43,839,8
2228,io_bound,6,539,3,0.73,175,3
2229,cpu_bound,14,540,27,0.13,1922,5
2230,io_bound,5,541,6,0.93,72,3
2231,mixed,7,543,20,0.46,370,4
2232,mixed,11,543,15,0.31,384,2
2233,cpu_bound,20,543,35,0.1,1099,9
2234,interactive,2,543,5,0.67,471,3
2235,mixed,14,544,24,0.51,851,2
2236,cpu_bound,13,545,25,0.07,1506,11
2237,io_bound,9,545,6,0.67,70,2
2238,io_bound,10,546,1,0.93,215,2
2239,mixed,7,547,11,0.45,897,7
2240,io_bound,8,548,1,0.73,252,1
2241,cpu_bound,17,548,33,0.08,1276,6
2242,cpu_bound,14,549,43,0.1,1497,15
2243,mixed,15,549,23,0.47,902,6
2244,cpu_bound,14,551,25,0.19,1490,5
2245,mixed,13,552,29,0.36,532,7
2246,cpu_bound,10,553,28,0.14,1004,13
2247,cpu_bound,19,553,41,0.13,912,8
2248,cpu_bound,16,554,34,0.11,1508,16
2249,mixed,7,556,14,0.44,245,6
2250,io_bound,1,557,3,0.82,183,2
2251,cpu_bound,16,557,46,0.16,1559,13
2252,mixed,7,557,26,0.59,895,6
2253,io_bound,6,560,5,0.88,125,1
2254,cpu_bound,13,560,21,0.1,718,4
2255,interactive,3,561,2,0.8,286,4
2256,io_bound,2,561,5,0.85,109,3
2257,io_bound,10,563,7,0.65,67,4
2258,io_bound,3,564,6,0.68,107,3
2259,interactive,4,565,3,0.7,199,1
2260,io_bound,6,566,5,0.71,194,3
2261,mixed,12,568,25,0.57,889,8
2262,io_bound,1,568,6,0.92,225,3
2263,mixed,8,570,18,0.4,643,6
2264,interactive,1,572,5,0.79,455,4
2265,interactive,3,574,3,0.82,433,3
2266,io_bound,8,575,4,0.77,111,3
2267,io_bound,10,575,2,0.87,218,3
2268,mixed,7,577,17,0.44,946,8
2269,cpu_bound,11,578,42,0.06,709,15
2270,mixed,14,580,17,0.5,983,2
2271,io_bound,8,580,3,0.84,239,4
2272,cpu_bound,16,581,45,0.08,726,9
2273,cpu_bound,20,582,31,0.16,1862,14
2274,mixed,13,589,24,0.31,198,3
2275,cpu_bound,19,591,50,0.17,707,13
2276,mixed,11,591,16,0.58,380,8
2277,cpu_bound,17,592,28,0.2,1468,11
2278,interactive,3,594,5,0.67,377,2
2279,cpu_bound,20,596,24,0.19,652,9
2280,io_bound,10,597,6,0.71,58,1
2281,io_bound,1,597,1,0.67,224,1
2282,mixed,13,598,18,0.6,1010,5
2283,interactive,3,600,4,0.84,504,1
2284,mixed,12,600,23,0.42,209,6
2285,cpu_bound,10,600,30,0.1,1626,8
2286,interactive,3,600,1,0.73,229,1
2287,mixed,10,601,19,0.35,700,7
2288,cpu_bound,18,601,51,0.2,1850,13
2289,io_bound,1,603,1,0.95,240,3
2290,mixed,5,604,22,0.48,801,8
2291,mixed,14,604,18,0.58,713,6
2292,io_bound,3,608,7,0.87,172,1
2293,cpu_bound,12,610,26,0.18,1248,16
2294,io_bound,1,611,5,0.94,173,3
2295,cpu_bound,20,611,29,0.15,1465,11
2296,io_bound,1,612,5,0.81,62,3
2297,io_bound,5,614,5,0.88,157,4
2298,io_bound,1,615,1,0.87,234,3
2299,io_bound,6,616,2,0.9,57,1
2300,mixed,14,620,14,0.47,323,5
2301,cpu_bound,14,623,23,0.07,778,5
2302,mixed,6,623,18,0.54,274,8
2303,interactive,5,625,3,0.62,230,4
2304,interactive,4,628,3,0.48,447,1
2305,mixed,9,629,14,0.43,827,2
2306,interactive,4,630,1,0.8,154,1
2307,mixed,6,633,24,0.33,450,5
2308,interactive,5,633,3,0.61,103,3
2309,interactive,3,634,2,0.71,356,4
2310,cpu_bound,16,634,37,0.14,817,5
2311,io_bound,10,635,1,0.68,210,1
2312,mixed,9,639,16,0.53,849,3
2313,cpu_bound,15,639,43,0.09,1901,14
2314,io_bound,1,639,8,0.8,203,4
2315,io_bound,9,639,1,0.87,95,2
2316,cpu_bound,13,645,23,0.16,1527,13
2317,cpu_bound,16,646,38,0.12,1011,6
2318,io_bound,2,649,4,0.75,145,3
2319,io_bound,8,652,1,0.87,67,1
2320,cpu_bound,13,652,29,0.13,514,14
2321,interactive,3,654,2,0.85,314,3
2322,mixed,13,654,18,0.44,712,7
2323,io_bound,3,654,2,0.81,49,3
2324,mixed,12,658,26,0.44,973,7
2325,io_bound,7,658,4,0.88,137,4
2326,mixed,12,658,23,0.4,215,4
2327,interactive,4,659,2,0.82,344,4
2328,io_bound,6,660,8,0.94,211,1
2329,mixed,11,661,17,0.36,588,8
2330,mixed,11,661,26,0.54,356,4
2331,cpu_bound,11,662,45,0.1,1145,7
2332,io_bound,1,663,1,0.79,176,1
2333,mixed,11,666,18,0.31,974,2
2334,mixed,12,667,15,0.53,664,4
2335,io_bound,9,671,5,0.9,178,4
2336,interactive,1,674,2,0.48,137,4
2337,mixed,12,674,16,0.4,645,3
2338,io_bound,8,674,1,0.8,207,1
2339,cpu_bound,18,674,30,0.17,1187,16
2340,io_bound,6,675,5,0.74,41,1
2341,interactive,3,680,4,0.83,475,2
2342,io_bound,6,681,6,0.83,94,3
2343,interactive,2,682,2,0.53,155,1
2344,mixed,13,682,20,0.52,437,4
2345,io_bound,9,685,5,0.77,65,3
2346,io_bound,6,686,1,0.91,224,4
2347,mixed,8,687,24,0.33,865,5
2348,io_bound,6,688,8,0.92,160,3
2349,io_bound,3,688,9,0.81,170,3
2350,cpu_bound,17,689,42,0.19,1274,4
2351,cpu_bound,10,690,15,0.09,1485,13
2352,io_bound,9,690,4,0.67,222,3
2353,cpu_bound,10,690,43,0.16,1637,12
2354,mixed,15,692,17,0.32,940,3
2355,mixed,5,692,20,0.52,198,2
2356,io_bound,8,695,5,0.84,75,3
2357,io_bound,2,696,5,0.73,194,3
2358,interactive,1,697,3,0.56,379,4
2359,cpu_bound,13,699,28,0.13,1574,12
2360,interactive,3,703,2,0.81,292,2
2361,io_bound,8,704,3,0.94,64,3
2362,io_bound,2,705,4,0.8,119,1
2363,io_bound,9,705,1,0.73,136,3
2364,io_bound,7,706,4,0.73,109,1
2365,cpu_bound,14,707,25,0.14,1922,12
2366,mixed,9,720,19,0.35,203,4
2367,mixed,15,722,16,0.48,495,7
2368,mixed,13,723,13,0.36,461,3
2369,cpu_bound,14,723,51,0.16,1922,5
2370,io_bound,4,723,4,0.95,53,4
2371,mixed,10,724,17,0.34,637,7
2372,mixed,12,725,14,0.44,578,2
2373,mixed,11,728,17,0.36,827,5
2374,io_bound,4,731,4,0.77,96,4
2375,mixed,5,733,13,0.48,798,8
2376,mixed,6,735,10,0.55,695,3
2377,cpu_bound,19,735,42,0.19,2018,15
2378,mixed,15,735,14,0.55,975,7
2379,mixed,14,737,22,0.59,770,8
2380,cpu_bound,11,741,47,0.19,1271,5
2381,cpu_bound,15,746,41,0.2,684,12
2382,mixed,8,751,13,0.34,680,4
2383,io_bound,5,751,8,0.81,191,3
2384,mixed,14,751,11,0.39,574,3
2385,mixed,10,751,21,0.53,622,3
2386,cpu_bound,14,753,18,0.16,753,16
2387,mixed,6,756,21,0.35,500,4
2388,cpu_bound,12,760,41,0.14,1824,6
2389,mixed,8,766,23,0.41,331,3
2390,io_bound,3,766,7,0.67,225,3
2391,mixed,6,769,24,0.43,498,7
2392,io_bound,9,774,5,0.66,54,3
2393,io_bound,3,777,8,0.9,256,3
2394,io_bound,4,778,1,0.71,220,3
2395,mixed,5,781,21,0.49,790,2
2396,interactive,5,782,2,0.5,78,3
2397,mixed,8,784,24,0.4,283,2
2398,mixed,14,789,25,0.31,846,7
2399,io_bound,1,790,7,0.7,217,2
2400,mixed,7,790,18,0.55,222,5
2401,io_bound,1,792,2,0.81,140,4
2402,interactive,3,792,3,0.41,138,3
2403,io_bound,3,792,5,0.77,142,3
2404,interactive,1,797,4,0.78,256,1
2405,cpu_bound,16,803,21,0.18,1040,10
2406,io_bound,7,808,1,0.74,185,3
2407,cpu_bound,20,812,29,0.18,1290,9
2408,mixed,10,814,20,0.53,944,7
2409,cpu_bound,19,814,11,0.18,825,15
2410,interactive,2,817,1,0.49,147,4
2411,mixed,9,820,15,0.35,846,2
2412,cpu_bound,19,821,40,0.14,554,16
2413,interactive,5,822,2,0.64,440,1
2414,io_bound,2,822,6,0.81,122,2
2415,cpu_bound,13,823,27,0.15,1496,9
2416,io_bound,6,824,7,0.89,95,3
2417,cpu_bound,15,826,49,0.07,1979,7
2418,mixed,8,828,19,0.55,216,4
2419,io_bound,3,838,4,0.7,213,2
2420,cpu_bound,12,838,43,0.15,1404,14
2421,mixed,13,840,15,0.45,874,6
2422,mixed,12,842,16,0.51,503,8
2423,cpu_bound,16,844,46,0.15,659,15
2424,io_bound,8,845,3,0.86,205,3
2425,interactive,3,847,1,0.65,315,2
2426,io_bound,6,849,1,0.76,111,1
2427,cpu_bound,14,849,45,0.07,1223,8
2428,mixed,11,850,1,0.32,546,4
2429,cpu_bound,10,852,39,0.14,1502,9
2430,io_bound,6,853,3,0.8,88,2
2431,mixed,6,861,15,0.48,891,2
2432,io_bound,3,861,5,0.93,56,3
2433,io_bound,8,864,7,0.88,251,1
2434,io_bound,7,869,5,0.94,161,4
2435,cpu_bound,14,871,19,0.12,1051,7
2436,io_bound,9,871,2,0.87,63,2
2437,cpu_bound,15,872,45,0.14,1402,8
2438,cpu_bound,14,873,37,0.2,877,12
2439,cpu_bound,15,875,53,0.07,1290,5
2440,cpu_bound,10,875,31,0.15,1069,11
2441,mixed,6,885,24,0.34,134,5
2442,io_bound,5,889,1,0.74,172,3
2443,io_bound,10,899,5,0.68,165,1
2444,mixed,10,903,16,0.55,882,5
2445,mixed,8,903,9,0.59,226,8
2446,cpu_bound,14,906,47,0.18,861,4
2447,cpu_bound,14,916,36,0.05,1675,13
2448,cpu_bound,10,925,38,0.15,826,11
2449,mixed,8,932,13,0.36,518,4
2450,io_bound,1,938,3,0.78,165,2
2451,mixed,7,960,18,0.42,277,2
2452,io_bound,4,965,6,0.88,115,2
2453,io_bound,5,977,6,0.71,213,1
2454,io_bound,6,978,2,0.76,104,4
2455,mixed,12,987,26,0.44,541,8
2456,io_bound,2,993,2,0.69,134,1
2457,cpu_bound,14,994,42,0.14,1322,16
2458,io_bound,2,994,1,0.78,51,4
2459,io_bound,3,1009,6,0.86,121,4
2460,mixed,6,1014,29,0.35,135,6
2461,cpu_bound,11,1017,36,0.19,1551,5
2462,cpu_bound,16,1027,36,0.06,1823,5
2463,mixed,9,1028,25,0.59,275,4
2464,cpu_bound,10,1029,44,0.19,1561,9
2465,interactive,2,1033,1,0.73,65,1
2466,io_bound,6,1040,8,0.92,126,3
2467,cpu_bound,16,1044,28,0.1,1321,10
2468,cpu_bound,17,1044,17,0.08,710,9
2469,mixed,8,1047,11,0.55,405,6
2470,cpu_bound,12,1049,38,0.13,1655,10
2471,io_bound,5,1076,10,0.66,197,2
2472,cpu_bound,13,1078,29,0.2,1443,5
2473,mixed,7,1079,15,0.31,542,8
2474,cpu_bound,13,1083,35,0.14,526,5
2475,io_bound,10,1083,6,0.76,155,3
2476,io_bound,7,1091,8,0.79,72,3
2477,io_bound,8,1092,1,0.93,251,2
2478,io_bound,3,1106,2,0.78,33,4
2479,mixed,7,1137,12,0.52,378,5
2480,io_bound,8,1152,6,0.82,120,4
2481,mixed,5,1154,17,0.58,922,3
2482,cpu_bound,20,1158,40,0.05,1487,11
2483,mixed,12,1159,15,0.6,334,6
2484,mixed,11,1168,22,0.55,903,7
2485,mixed,14,1182,17,0.33,488,8
2486,cpu_bound,11,1211,36,0.08,1165,14
2487,interactive,5,1222,1,0.64,390,3
2488,mixed,8,1225,12,0.41,336,8
2489,mixed,14,1249,21,0.5,912,4
2490,mixed,12,1293,16,0.35,961,3
2491,io_bound,8,1317,2,0.7,88,2
2492,io_bound,3,1346,1,0.66,84,3
2493,mixed,14,1354,6,0.41,484,3
2494,interactive,4,1358,1,0.76,491,3
2495,io_bound,4,1402,6,0.85,240,2
2496,interactive,5,1415,1,0.7,442,1
2497,mixed,9,1442,5,0.5,837,3
2498,interactive,2,1511,5,0.82,255,3
2499,cpu_bound,12,1524,24,0.09,1498,7
2500,io_bound,6,1930,1,0.91,238,1
